INDEX,TYPE,POINTID,FRONT_INDEX,AFTER_INDEX,NAME,DESC,GOALDESC,ICON_ATLAS,ICON_NAME,REWARD,TASK_SHOW_LVMIN,TASK_SHOW_LVMAX
INT,INT,INT,INT,INT,STRING,STRING,STRING,STRING,STRING,STRING,INT,INT
1000,1,1000031,0,1001,深处密林,近期佑安镇附近妖魔频繁作乱，镇压密林深处【1-4】妖魔。,进入深处密林击败苍叶白虎,AvatarAtlas,icon_whitetriger_5_mu,30082#1,0,120
1001,1,1001021,1000,1002,赤壁谷道,探查赤壁古道【2-3】妖魔的异常现象。,进入赤壁谷道击败健美牛头,AvatarAtlas,icon_bullhead_4_huo,14001#2|1000002#20000,0,120
1002,1,1002031,1001,1003,崎岖河道,迷幻瀑布似乎与镇中神秘死亡事件有关，探查崎岖河道【3-4】。,进入崎岖河道击败浴雨狐妖,AvatarAtlas,icon_evilfox_3_shui,14301#2|1000002#30000,0,120
1003,1,1003031,1002,1004,青石路口,青石路口【4-4】四通八达，是夜间妖魔最喜之地，驱逐他们。,进入青石路口击败腹黑蛇女,AvatarAtlas,icon_evilsnake_3_yin,14002#1|1000002#15000,0,120
1004,1,1003061,1003,1005,城门以外,巡逻官道，顺着城门以外【4-7】的官道探查妖魔踪迹。,进入城门以外击败点赞狂魔,AvatarAtlas,icon_spirit_3_yin,14302#1|30035#1|1000002#15000,0,120
1005,1,1004021,1004,1006,鞍山之北,属于青松镇的鞍山以北【5-3】地域广阔，必须认真探查。,进入鞍山之北击败独孤求败,AvatarAtlas,icon_jianke_4_huo,30044#1|1000002#10000,0,120
1006,1,1004051,1005,1007,枯木炭骨,生魂在此消失无踪，细细搜索枯木炭骨【5-6】纵火者的痕迹。,进入枯木炭骨击败虎力大仙,AvatarAtlas,icon_tigerlord_4_huo,16202#20|1000002#20000,0,120
1007,1,1004081,1006,1008,赤石热路,顺着纵火者留下的混迹，辨别赤石热路【5-9】他逃走的方向。,进入赤石热路击败三头怪鸟,AvatarAtlas,icon_guainia_4_huo,16102#20|1000002#20000,0,120
1008,1,1005021,1007,1009,跨江石桥,祭拜跨江石桥【6-3】的修建者。,进入跨江石桥击败巨钳蟹将,AvatarAtlas,icon_juqianxiejiang_4_shui,30046#1|1000002#10000,0,120
1009,1,1005051,1008,1010,千妖分舵,进入千妖分舵【6-6】中询问消失的纵火者下落。,进入千妖分舵击败向阳菊仙,AvatarAtlas,icon_qiuju_4_yang,16003#15|1000002#20000,0,120
1010,1,1005081,1009,1011,分舵木楼,找到分舵木楼【6-9】中千妖分舵的管事妖。,进入分舵木楼击败天门守将,AvatarAtlas,icon_tianjiang_4_yang,16303#15|1000002#20000,0,120
1011,1,1006021,1010,1012,避光之谷,搜索避光之谷【7-3】的异常之处。,进入避光之谷击败古墓暗灵,AvatarAtlas,icon_anjingling_4_yin,30051#1|1000002#20000,0,120
1012,1,1006051,1011,1013,谷外森林,从谷外森林【7-6】穿谷而出，追捕逃走的夜长安。,进入谷外森林击败吞天兽,AvatarAtlas,icon_totie_4_mu,16203#15|1000002#25000,0,120
1013,1,1006081,1012,1014,小屋密道,夜长安藏在小屋密道【7-9】中，抓住他！,进入小屋密道击败真武马面,AvatarAtlas,icon_horsehead_4_mu,16103#15|1000002#25000,0,120
1014,1,1007021,1013,1015,丰碑祭文,查看丰碑祭文【8-3】上的上古传说。,进入丰碑祭文击败健美牛头,AvatarAtlas,icon_bullhead_4_huo,30052#1|1000002#30000,0,120
1015,1,1007051,1014,1016,山涧灵泉,在山涧灵泉【8-6】附近修整，找寻前往净明门之路。,进入山涧灵泉击败鹿力大仙,AvatarAtlas,icon_deerlord_4_shui,16002#10|1000002#40000,0,120
1016,1,1007081,1015,1017,枯竭泉眼,探查枯竭泉眼【8-9】的原因。,进入枯竭泉眼击败魔化武士,AvatarAtlas,icon_mohuawushi_4_shui,16302#10|1000002#50000,0,120
1017,1,1008021,1016,1018,浮桥回廊,检查宅院中的浮桥回廊【9-3】是否有异常。,进入浮桥回廊击败天翼隼,AvatarAtlas,icon_tianyi_4_yang,30056#1|1000002#50000,0,120
1018,1,1008051,1017,1019,尸腐幻地,破除大宅幻境，还原尸腐幻地【9-6】本来面貌。,进入尸腐幻地击败夺魄,AvatarAtlas,icon_duopo_4_yin,16202#10|1000002#50000,0,120
1019,1,1008081,1018,1020,蛛网洞穴,清除蛛网洞穴【9-9】附近的蛛网。,进入蛛网洞穴击败冥界战将,AvatarAtlas,icon_mingjiezhanjiang_4_yin,16102#10|1000002#50000,0,120
1020,1,1009021,1019,1021,试炼之门,通过净明门入门弟子的试炼之门【10-3】。,进入试炼之门击败羊力大仙,AvatarAtlas,icon_coatlord_4_mu,30059#1|1000002#60000,0,120
1021,1,1009051,1020,1022,宗门内,询问宗门内村【10-6】的村民净明门反常原因。,进入 宗门内击败虎力大仙,AvatarAtlas,icon_tigerlord_4_huo,40083#5|1000002#60000,0,120
1022,1,1009081,1021,1023,无水之井,查看村中无水之井【10-9】为何无水。,进入无水之井击败三头怪鸟,AvatarAtlas,icon_guainia_4_huo,16004#5|40085#5|1000002#60000,0,120
1023,1,1010021,1022,1024,千浪水阵,研究千浪水阵【11-3】的阵法弱点和阵眼所在。,进入千浪水阵击败巨钳蟹将,AvatarAtlas,icon_juqianxiejiang_4_shui,30062#1|1000002#25000,0,120
1024,1,1010051,1023,1025,大宗重地,进入大宗重地【11-6】之内，躲避净明门弟子的追捕。,进入大宗重地击败向阳菊仙,AvatarAtlas,icon_qiuju_4_yang,40077#5|1000002#35000,0,120
1025,1,1010081,1024,1026,藏宝金殿,探查藏宝金殿【11-9】内是何宝物。,进入藏宝金殿击败天门守将,AvatarAtlas,icon_tianjiang_4_yang,16304#5|40087#5|1000002#40000,0,120
1026,1,1011021,1025,1027,地下密道,穿过地下密道【12-3】。,进入地下密道击败诸乘射手,AvatarAtlas,icon_huaqingting_4_mu,30066#1|1000002#25000,0,120
1027,1,1011051,1026,1028,殿后竹林,搜索殿后竹林【12-6】是否安全。,进入殿后竹林击败吞天兽,AvatarAtlas,icon_totie_4_mu,40084#5|1000002#35000,0,120
1028,1,1011081,1027,1029,守山妖谷,带领幼妖逃出守山妖谷【12-9】。,进入守山妖谷击败真武马面,AvatarAtlas,icon_horsehead_4_mu,16204#5|40092#5|1000002#40000,0,120
1029,1,1012021,1028,1030,浴火金殿,掩护幼妖出逃，完成浴火金殿【13-3】的纵火之行。,进入浴火金殿击败健美牛头,AvatarAtlas,icon_bullhead_4_huo,30067#1|1000002#25000,0,120
1030,1,1012051,1029,1031,宗门秘湖,查看宗门秘湖【13-6】四周灵力的波动。,进入宗门秘湖击败鹿力大仙,AvatarAtlas,icon_deerlord_4_shui,40080#5|1000002#35000,0,120
1031,1,1012081,1030,1032,水外洞天,穿过甬道外的水外洞天【13-9】。,进入水外洞天击败魔化武士,AvatarAtlas,icon_mohuawushi_4_shui,16104#5|40090#5|1000002#40000,0,120
1032,1,1013021,1031,1033,奇药灵园,查看奇药灵园【14-3】。,进入奇药灵园击败梵地麒麟,AvatarAtlas,icon_kirin_4_yang,40097#5|1000002#25000,0,120
1033,1,1013051,1032,1034,满厅暗室,一一查看满厅暗室【14-6】中的传送阵。,进入满厅暗室击败夺魄,AvatarAtlas,icon_duopo_4_yin,40082#5|1000002#35000,0,120
1034,1,1013081,1033,1035,修复阵图,按照净明门弟子研究绘制修复阵图【14-9】。,进入修复阵图击败冥界战将,AvatarAtlas,icon_mingjiezhanjiang_4_yin,16005#5|40074#5|1000002#40000,0,120
1035,1,1014021,1034,1036,眼能通天,独孤求败在阳之境里已经做好了准备，就等你自投罗网了！,进入眼能通天击败独孤求败,AvatarAtlas,icon_jianke_4_huo,40078#5,0,120
1036,1,1014051,1035,1037,再破魔境,虎力大仙在阴之境埋伏了不少妖魔，做好准备击败他吧！,进入再破魔境击败虎力大仙,AvatarAtlas,icon_tigerlord_4_huo,40089#5,0,120
1037,1,1014081,1036,1038,暗之圣手,三头怪鸟在阴之境守护着，击败他离获得[ff9900]星相石碎片[ffffff]又近了一步,进入暗之圣手击败三头怪鸟,AvatarAtlas,icon_guainia_4_huo,16305#5|40091#5,0,120
1038,1,1015021,1037,1039,好兄弟,巨钳蟹将在木之境里已经做好了准备，就等你自投罗网了！,进入好兄弟击败巨钳蟹将,AvatarAtlas,icon_juqianxiejiang_4_shui,40079#5,0,120
1039,1,1015051,1038,1040,火之傀儡,向阳菊仙在火之境埋伏了不少妖魔，做好准备击败他吧！,进入火之傀儡击败向阳菊仙,AvatarAtlas,icon_qiuju_4_yang,40113#5,0,120
1040,1,1015081,1039,1041,迷惑,天门守将在火之境守护着，击败他离获得[ff9900]星相石碎片[ffffff]又近了一步,进入迷惑击败天门守将,AvatarAtlas,icon_tianjiang_4_yang,16205#5|40088#5,0,120
1041,1,1016021,1040,1042,水之境,古墓暗灵在水之境里已经做好了准备，就等你自投罗网了！,进入水之境击败古墓暗灵,AvatarAtlas,icon_anjingling_4_yin,40081#5,0,120
1042,1,1016051,1041,1043,叛变,吞天兽在阳之境埋伏了不少妖魔，做好准备击败他吧！,进入叛变击败吞天兽,AvatarAtlas,icon_totie_4_mu,40083#5,0,120
1043,1,1016081,1042,1044,死守2,真武马面在阳之境守护着，击败他离获得[ff9900]星相石碎片[ffffff]又近了一步,进入死守2击败真武马面,AvatarAtlas,icon_horsehead_4_mu,16105#5|40085#5,0,120
1044,1,1017021,1043,1045,暗之玄武,健美牛头在阴之境里已经做好了准备，就等你自投罗网了！,进入暗之玄武击败健美牛头,AvatarAtlas,icon_bullhead_4_huo,40077#5,0,120
1045,1,1017051,1044,1046,三仙,鹿力大仙在木之境埋伏了不少妖魔，做好准备击败他吧！,进入三仙击败鹿力大仙,AvatarAtlas,icon_deerlord_4_shui,40087#5,0,120
1046,1,1017081,1045,1047,无尽妖狐,魔化武士在木之境守护着，击败他离获得[ff9900]星相石碎片[ffffff]又近了一步,进入无尽妖狐击败魔化武士,AvatarAtlas,icon_mohuawushi_4_shui,16006#5|40105#5,0,120
1047,1,1018021,1046,1048,阳境陷落？！,天翼隼在火之境里已经做好了准备，就等你自投罗网了！,进入阳境陷落？！击败天翼隼,AvatarAtlas,icon_tianyi_4_yang,40084#5,0,120
1048,1,1018051,1047,1049,一战破魔,夺魄在水之境埋伏了不少妖魔，做好准备击败他吧！,进入一战破魔击败夺魄,AvatarAtlas,icon_duopo_4_yin,40092#5,0,120
1049,1,1018081,1048,1050,求仙,冥界战将在水之境守护着，击败他离获得[ff9900]星相石碎片[ffffff]又近了一步,进入求仙击败冥界战将,AvatarAtlas,icon_mingjiezhanjiang_4_yin,16306#5|40110#5,0,120
1050,1,1019021,1049,1051,妖狐？！,羊力大仙在阳之境里已经做好了准备，就等你自投罗网了！,进入妖狐？！击败羊力大仙,AvatarAtlas,icon_coatlord_4_mu,40080#5,0,120
1051,1,1019051,1050,1052,大仙指路,虎力大仙在阴之境埋伏了不少妖魔，做好准备击败他吧！,进入大仙指路击败虎力大仙,AvatarAtlas,icon_tigerlord_4_huo,40090#5,0,120
1052,1,1019081,1051,1053,火境寻宝2,三头怪鸟在阴之境守护着，击败他离获得[ff9900]星相石碎片[ffffff]又近了一步,进入火境寻宝2击败三头怪鸟,AvatarAtlas,icon_guainia_4_huo,16206#5|40115#5,0,120
1053,1,1020021,1052,1054,再入水境,巨钳蟹将在木之境里已经做好了准备，就等你自投罗网了！,进入再入水境击败巨钳蟹将,AvatarAtlas,icon_juqianxiejiang_4_shui,40097#5,0,120
1054,1,1020051,1053,1055,护宝冰蝶,向阳菊仙在火之境埋伏了不少妖魔，做好准备击败他吧！,进入护宝冰蝶击败向阳菊仙,AvatarAtlas,icon_qiuju_4_yang,40082#5,0,120
1055,1,1020081,1054,1056,宝物竟然是？,天门守将在火之境守护着，击败他离获得[ff9900]星相石碎片[ffffff]又近了一步,进入宝物竟然是？击败天门守将,AvatarAtlas,icon_tianjiang_4_yang,16106#5|40094#5,0,120
1056,1,1021021,1055,1057,眼能通天,诸乘射手在水之境里已经做好了准备，就等你自投罗网了！,进入眼能通天击败诸乘射手,AvatarAtlas,icon_huaqingting_4_mu,40074#5,0,120
1057,1,1021051,1056,1058,再破魔境,吞天兽在阳之境埋伏了不少妖魔，做好准备击败他吧！,进入再破魔境击败吞天兽,AvatarAtlas,icon_totie_4_mu,40085#5,0,120
1058,1,1021081,1057,1059,暗之圣手,真武马面在阳之境守护着，击败他离获得[ff9900]星相石碎片[ffffff]又近了一步,进入暗之圣手击败真武马面,AvatarAtlas,icon_horsehead_4_mu,16007#5|40111#5,0,120
1059,1,1022021,1058,1060,暗之圣手2,健美牛头在阴之境里已经做好了准备，就等你自投罗网了！,进入暗之圣手2击败健美牛头,AvatarAtlas,icon_bullhead_4_huo,40077#5,0,120
1060,1,1022051,1059,1061,好兄弟,鹿力大仙在木之境埋伏了不少妖魔，做好准备击败他吧！,进入好兄弟击败鹿力大仙,AvatarAtlas,icon_deerlord_4_shui,40087#5,0,120
1061,1,1022081,1060,1062,火之傀儡,魔化武士在木之境守护着，击败他离获得[ff9900]星相石碎片[ffffff]又近了一步,进入火之傀儡击败魔化武士,AvatarAtlas,icon_mohuawushi_4_shui,16307#5|40108#5,0,120
1062,1,1023021,1061,1063,迷惑,梵地麒麟在火之境里已经做好了准备，就等你自投罗网了！,进入迷惑击败梵地麒麟,AvatarAtlas,icon_kirin_4_yang,40084#5,0,120
1063,1,1023051,1062,1064,再战守卫,夺魄在水之境埋伏了不少妖魔，做好准备击败他吧！,进入再战守卫击败夺魄,AvatarAtlas,icon_duopo_4_yin,40092#5,0,120
1064,1,1023081,1063,1065,水之境,冥界战将在水之境守护着，击败他离获得[ff9900]星相石碎片[ffffff]又近了一步,进入水之境击败冥界战将,AvatarAtlas,icon_mingjiezhanjiang_4_yin,16207#5|40101#5,0,120
1065,1,1024021,1064,1066,叛变,独孤求败在阳之境里已经做好了准备，就等你自投罗网了！,进入叛变击败独孤求败,AvatarAtlas,icon_jianke_4_huo,40080#5,0,120
1066,1,1024051,1065,1067,死守2,虎力大仙在阴之境埋伏了不少妖魔，做好准备击败他吧！,进入死守2击败虎力大仙,AvatarAtlas,icon_tigerlord_4_huo,40090#5,0,120
1067,1,1024081,1066,1068,救赎,三头怪鸟在阴之境守护着，击败他离获得[ff9900]星相石碎片[ffffff]又近了一步,进入救赎击败三头怪鸟,AvatarAtlas,icon_guainia_4_huo,16107#5|40112#5,0,120
1068,1,1025021,1067,1069,暗之玄武,巨钳蟹将在木之境里已经做好了准备，就等你自投罗网了！,进入暗之玄武击败巨钳蟹将,AvatarAtlas,icon_juqianxiejiang_4_shui,40097#5,0,120
1069,1,1025051,1068,1070,三仙,向阳菊仙在火之境埋伏了不少妖魔，做好准备击败他吧！,进入三仙击败向阳菊仙,AvatarAtlas,icon_qiuju_4_yang,40082#5,0,120
1070,1,1025081,1069,1071,无尽妖狐,天门守将在火之境守护着，击败他离获得[ff9900]星相石碎片[ffffff]又近了一步,进入无尽妖狐击败天门守将,AvatarAtlas,icon_tianjiang_4_yang,16008#5|40096#5,0,120
1071,1,1026021,1070,1072,鲁班巨像2,古墓暗灵在水之境里已经做好了准备，就等你自投罗网了！,进入鲁班巨像2击败古墓暗灵,AvatarAtlas,icon_anjingling_4_yin,40074#5,0,120
1072,1,1026051,1071,1073,木之境【27-6】,吞天兽在阳之境埋伏了不少妖魔，做好准备击败他吧！,进入木之境【27-6】击败吞天兽,AvatarAtlas,icon_totie_4_mu,40078#5,0,120
1073,1,1026081,1072,1074,木之境【27-9】,真武马面在阳之境守护着，击败他离获得[ff9900]星相石碎片[ffffff]又近了一步,进入木之境【27-9】击败真武马面,AvatarAtlas,icon_horsehead_4_mu,16308#5|40106#5,0,120
1074,1,1027021,1073,1075,火之境【28-3】,健美牛头在阴之境里已经做好了准备，就等你自投罗网了！,进入火之境【28-3】击败健美牛头,AvatarAtlas,icon_bullhead_4_huo,40089#5,0,120
1075,1,1027051,1074,1076,水之境【28-6】,鹿力大仙在木之境埋伏了不少妖魔，做好准备击败他吧！,进入水之境【28-6】击败鹿力大仙,AvatarAtlas,icon_deerlord_4_shui,40091#5,0,120
1076,1,1027081,1075,1077,水之境【28-9】,魔化武士在木之境守护着，击败他离获得[ff9900]星相石碎片[ffffff]又近了一步,进入水之境【28-9】击败魔化武士,AvatarAtlas,icon_mohuawushi_4_shui,16208#5|40103#5,0,120
1077,1,1028021,1076,1078,阳之境【29-3】,天翼隼在火之境里已经做好了准备，就等你自投罗网了！,进入阳之境【29-3】击败天翼隼,AvatarAtlas,icon_tianyi_4_yang,40079#5,0,120
1078,1,1028051,1077,1079,阴之境【29-6】,夺魄在水之境埋伏了不少妖魔，做好准备击败他吧！,进入阴之境【29-6】击败夺魄,AvatarAtlas,icon_duopo_4_yin,40113#5,0,120
1079,1,1028081,1078,1080,阴之境【29-9】,冥界战将在水之境守护着，击败他离获得[ff9900]星相石碎片[ffffff]又近了一步,进入阴之境【29-9】击败冥界战将,AvatarAtlas,icon_mingjiezhanjiang_4_yin,16108#5|40095#5,0,120
1080,1,1029021,1079,1081,木之境【30-3】,羊力大仙在阳之境里已经做好了准备，就等你自投罗网了！,进入木之境【30-3】击败羊力大仙,AvatarAtlas,icon_coatlord_4_mu,40118#5,0,120
1081,1,1029051,1080,1082,火之境【30-6】,虎力大仙在阴之境埋伏了不少妖魔，做好准备击败他吧！,进入火之境【30-6】击败虎力大仙,AvatarAtlas,icon_tigerlord_4_huo,40093#5,0,120
1082,1,1029081,1081,1083,火之境【30-9】,三头怪鸟在阴之境守护着，击败他离获得[ff9900]星相石碎片[ffffff]又近了一步,进入火之境【30-9】击败三头怪鸟,AvatarAtlas,icon_guainia_4_huo,16009#5|40075#5,0,120
1083,1,1030021,1082,1084,水之境【31-3】,巨钳蟹将在木之境里已经做好了准备，就等你自投罗网了！,进入水之境【31-3】击败巨钳蟹将,AvatarAtlas,icon_juqianxiejiang_4_shui,40098#5,0,120
1084,1,1030051,1083,1085,阳之境【31-6】,向阳菊仙在火之境埋伏了不少妖魔，做好准备击败他吧！,进入阳之境【31-6】击败向阳菊仙,AvatarAtlas,icon_qiuju_4_yang,40086#5,0,120
1085,1,1030081,1084,1086,阳之境【31-9】,天门守将在火之境守护着，击败他离获得[ff9900]星相石碎片[ffffff]又近了一步,进入阳之境【31-9】击败天门守将,AvatarAtlas,icon_tianjiang_4_yang,16309#5|40076#5,0,120
1086,1,1031021,1085,1087,阴之境【32-3】,诸乘射手在水之境里已经做好了准备，就等你自投罗网了！,进入阴之境【32-3】击败诸乘射手,AvatarAtlas,icon_huaqingting_4_mu,40116#5,0,120
1087,1,1031051,1086,1088,木之境【32-6】,吞天兽在阳之境埋伏了不少妖魔，做好准备击败他吧！,进入木之境【32-6】击败吞天兽,AvatarAtlas,icon_totie_4_mu,40102#5,0,120
1088,1,1031081,1087,1089,木之境【32-9】,真武马面在阳之境守护着，击败他离获得[ff9900]星相石碎片[ffffff]又近了一步,进入木之境【32-9】击败真武马面,AvatarAtlas,icon_horsehead_4_mu,16209#5|40117#5,0,120
1089,1,1032021,1088,1090,火之境【33-3】,健美牛头在阴之境里已经做好了准备，就等你自投罗网了！,进入火之境【33-3】击败健美牛头,AvatarAtlas,icon_bullhead_4_huo,40107#5,0,120
1090,1,1032051,1089,1091,水之境【33-6】,鹿力大仙在木之境埋伏了不少妖魔，做好准备击败他吧！,进入水之境【33-6】击败鹿力大仙,AvatarAtlas,icon_deerlord_4_shui,40104#5,0,120
1091,1,1032081,1090,1092,水之境【33-9】,魔化武士在木之境守护着，击败他离获得[ff9900]星相石碎片[ffffff]又近了一步,进入水之境【33-9】击败魔化武士,AvatarAtlas,icon_mohuawushi_4_shui,16109#5|40100#5,0,120
1092,1,1033021,1091,1093,阳之境【34-3】,梵地麒麟在火之境里已经做好了准备，就等你自投罗网了！,进入阳之境【34-3】击败梵地麒麟,AvatarAtlas,icon_kirin_4_yang,40099#5,0,120
1093,1,1033051,1092,1094,阴之境【34-6】,夺魄在水之境埋伏了不少妖魔，做好准备击败他吧！,进入阴之境【34-6】击败夺魄,AvatarAtlas,icon_duopo_4_yin,40105#5,0,120
1094,1,1033081,1093,1095,阴之境【34-9】,冥界战将在水之境守护着，击败他离获得[ff9900]星相石碎片[ffffff]又近了一步,进入阴之境【34-9】击败冥界战将,AvatarAtlas,icon_mingjiezhanjiang_4_yin,2000204#1|40110#5,0,120
1095,1,1034021,1094,1096,木之境【35-3】,独孤求败在阳之境里已经做好了准备，就等你自投罗网了！,进入木之境【35-3】击败独孤求败,AvatarAtlas,icon_jianke_4_huo,40115#5,0,120
1096,1,1034051,1095,1097,火之境【35-6】,虎力大仙在阴之境埋伏了不少妖魔，做好准备击败他吧！,进入火之境【35-6】击败虎力大仙,AvatarAtlas,icon_tigerlord_4_huo,40094#5,0,120
1097,1,1034081,1096,1098,火之境【35-9】,三头怪鸟在阴之境守护着，击败他离获得[ff9900]星相石碎片[ffffff]又近了一步,进入火之境【35-9】击败三头怪鸟,AvatarAtlas,icon_guainia_4_huo,2000204#1|40111#5,0,120
1098,1,1035021,1097,1099,水之境【36-3】,巨钳蟹将在木之境里已经做好了准备，就等你自投罗网了！,进入水之境【36-3】击败巨钳蟹将,AvatarAtlas,icon_juqianxiejiang_4_shui,40108#5,0,120
1099,1,1035051,1098,1100,阳之境【36-6】,向阳菊仙在火之境埋伏了不少妖魔，做好准备击败他吧！,进入阳之境【36-6】击败向阳菊仙,AvatarAtlas,icon_qiuju_4_yang,40101#5,0,120
1100,1,1035081,1099,1101,阳之境【36-9】,天门守将在火之境守护着，击败他离获得[ff9900]星相石碎片[ffffff]又近了一步,进入阳之境【36-9】击败天门守将,AvatarAtlas,icon_tianjiang_4_yang,2000204#1|40112#5,0,120
1101,1,1036021,1100,1102,阴之境【37-3】,古墓暗灵在水之境里已经做好了准备，就等你自投罗网了！,进入阴之境【37-3】击败古墓暗灵,AvatarAtlas,icon_anjingling_4_yin,40096#5,0,120
1102,1,1036051,1101,1103,木之境【37-6】,吞天兽在阳之境埋伏了不少妖魔，做好准备击败他吧！,进入木之境【37-6】击败吞天兽,AvatarAtlas,icon_totie_4_mu,40106#5,0,120
1103,1,1036081,1102,1104,木之境【37-9】,真武马面在阳之境守护着，击败他离获得[ff9900]星相石碎片[ffffff]又近了一步,进入木之境【37-9】击败真武马面,AvatarAtlas,icon_horsehead_4_mu,2000204#1|40103#5,0,120
1104,1,1037021,1103,1105,火之境【38-3】,健美牛头在阴之境里已经做好了准备，就等你自投罗网了！,进入火之境【38-3】击败健美牛头,AvatarAtlas,icon_bullhead_4_huo,40095#5,0,120
1105,1,1037051,1104,1106,水之境【38-6】,鹿力大仙在木之境埋伏了不少妖魔，做好准备击败他吧！,进入水之境【38-6】击败鹿力大仙,AvatarAtlas,icon_deerlord_4_shui,40118#5,0,120
1106,1,1037081,1105,1107,水之境【38-9】,魔化武士在木之境守护着，击败他离获得[ff9900]星相石碎片[ffffff]又近了一步,进入水之境【38-9】击败魔化武士,AvatarAtlas,icon_mohuawushi_4_shui,40093#5,0,120
1107,1,1038021,1106,1108,阳之境【39-3】,天翼隼在火之境里已经做好了准备，就等你自投罗网了！,进入阳之境【39-3】击败天翼隼,AvatarAtlas,icon_tianyi_4_yang,40075#5,0,120
1108,1,1038051,1107,1109,阴之境【39-6】,夺魄在水之境埋伏了不少妖魔，做好准备击败他吧！,进入阴之境【39-6】击败夺魄,AvatarAtlas,icon_duopo_4_yin,40098#5,0,120
1109,1,1038081,1108,1110,阴之境【39-9】,冥界战将在水之境守护着，击败他离获得[ff9900]星相石碎片[ffffff]又近了一步,进入阴之境【39-9】击败冥界战将,AvatarAtlas,icon_mingjiezhanjiang_4_yin,40086#5,0,120
1110,1,1039021,1109,1111,木之境【40-3】,羊力大仙在阳之境里已经做好了准备，就等你自投罗网了！,进入木之境【40-3】击败羊力大仙,AvatarAtlas,icon_coatlord_4_mu,40076#5,0,120
1111,1,1039051,1110,1112,火之境【40-6】,虎力大仙在阴之境埋伏了不少妖魔，做好准备击败他吧！,进入火之境【40-6】击败虎力大仙,AvatarAtlas,icon_tigerlord_4_huo,40116#5,0,120
1112,1,1039081,1111,1113,火之境【40-9】,三头怪鸟在阴之境守护着，击败他离获得[ff9900]星相石碎片[ffffff]又近了一步,进入火之境【40-9】击败三头怪鸟,AvatarAtlas,icon_guainia_4_huo,40102#5,0,120
1113,1,1040021,1112,1114,水之境【41-3】,巨钳蟹将在木之境里已经做好了准备，就等你自投罗网了！,进入水之境【41-3】击败巨钳蟹将,AvatarAtlas,icon_juqianxiejiang_4_shui,40117#5,0,120
1114,1,1040051,1113,1115,阳之境【41-6】,向阳菊仙在火之境埋伏了不少妖魔，做好准备击败他吧！,进入阳之境【41-6】击败向阳菊仙,AvatarAtlas,icon_qiuju_4_yang,40107#5,0,120
1115,1,1040081,1114,1116,阳之境【41-9】,天门守将在火之境守护着，击败他离获得[ff9900]星相石碎片[ffffff]又近了一步,进入阳之境【41-9】击败天门守将,AvatarAtlas,icon_tianjiang_4_yang,40104#5,0,120
1116,1,1041021,1115,1117,阴之境【42-3】,诸乘射手在水之境里已经做好了准备，就等你自投罗网了！,进入阴之境【42-3】击败诸乘射手,AvatarAtlas,icon_huaqingting_4_mu,40100#5,0,120
1117,1,1041051,1116,1118,木之境【42-6】,吞天兽在阳之境埋伏了不少妖魔，做好准备击败他吧！,进入木之境【42-6】击败吞天兽,AvatarAtlas,icon_totie_4_mu,40099#5,0,120
1118,1,1041081,1117,1119,木之境【42-9】,真武马面在阳之境守护着，击败他离获得[ff9900]星相石碎片[ffffff]又近了一步,进入木之境【42-9】击败真武马面,AvatarAtlas,icon_horsehead_4_mu,40105#5,0,120
1119,1,1042021,1118,1120,火之境【43-3】,健美牛头在阴之境里已经做好了准备，就等你自投罗网了！,进入火之境【43-3】击败健美牛头,AvatarAtlas,icon_bullhead_4_huo,40110#5,0,120
1120,1,1042051,1119,1121,水之境【43-6】,鹿力大仙在木之境埋伏了不少妖魔，做好准备击败他吧！,进入水之境【43-6】击败鹿力大仙,AvatarAtlas,icon_deerlord_4_shui,40115#5,0,120
1121,1,1042081,1120,1122,水之境【43-9】,魔化武士在木之境守护着，击败他离获得[ff9900]星相石碎片[ffffff]又近了一步,进入水之境【43-9】击败魔化武士,AvatarAtlas,icon_mohuawushi_4_shui,40094#5,0,120
1122,1,1043021,1121,1123,阳之境【44-3】,梵地麒麟在火之境里已经做好了准备，就等你自投罗网了！,进入阳之境【44-3】击败梵地麒麟,AvatarAtlas,icon_kirin_4_yang,40111#5,0,120
1123,1,1043051,1122,1124,阴之境【44-6】,夺魄在水之境埋伏了不少妖魔，做好准备击败他吧！,进入阴之境【44-6】击败夺魄,AvatarAtlas,icon_duopo_4_yin,40108#5,0,120
1124,1,1043081,1123,1125,阴之境【44-9】,冥界战将在水之境守护着，击败他离获得[ff9900]星相石碎片[ffffff]又近了一步,进入阴之境【44-9】击败冥界战将,AvatarAtlas,icon_mingjiezhanjiang_4_yin,40101#5,0,120
1125,1,1044021,1124,1126,木之境【45-3】,独孤求败在阳之境里已经做好了准备，就等你自投罗网了！,进入木之境【45-3】击败独孤求败,AvatarAtlas,icon_jianke_4_huo,40112#5,0,120
1126,1,1044051,1125,1127,火之境【45-6】,虎力大仙在阴之境埋伏了不少妖魔，做好准备击败他吧！,进入火之境【45-6】击败虎力大仙,AvatarAtlas,icon_tigerlord_4_huo,40096#5,0,120
1127,1,1044081,1126,1128,火之境【45-9】,三头怪鸟在阴之境守护着，击败他离获得[ff9900]星相石碎片[ffffff]又近了一步,进入火之境【45-9】击败三头怪鸟,AvatarAtlas,icon_guainia_4_huo,40106#5,0,120
1128,1,1045021,1127,1129,水之境【46-3】,巨钳蟹将在木之境里已经做好了准备，就等你自投罗网了！,进入水之境【46-3】击败巨钳蟹将,AvatarAtlas,icon_juqianxiejiang_4_shui,40103#5,0,120
1129,1,1045051,1128,1130,阳之境【46-6】,向阳菊仙在火之境埋伏了不少妖魔，做好准备击败他吧！,进入阳之境【46-6】击败向阳菊仙,AvatarAtlas,icon_qiuju_4_yang,40095#5,0,120
1130,1,1045081,1129,1131,阳之境【46-9】,天门守将在火之境守护着，击败他离获得[ff9900]星相石碎片[ffffff]又近了一步,进入阳之境【46-9】击败天门守将,AvatarAtlas,icon_tianjiang_4_yang,40118#5,0,120
1131,1,1046021,1130,1132,阴之境【47-3】,古墓暗灵在水之境里已经做好了准备，就等你自投罗网了！,进入阴之境【47-3】击败古墓暗灵,AvatarAtlas,icon_anjingling_4_yin,40093#5,0,120
1132,1,1046051,1131,1133,木之境【47-6】,吞天兽在阳之境埋伏了不少妖魔，做好准备击败他吧！,进入木之境【47-6】击败吞天兽,AvatarAtlas,icon_totie_4_mu,40075#5,0,120
1133,1,1046081,1132,1134,木之境【47-9】,真武马面在阳之境守护着，击败他离获得[ff9900]星相石碎片[ffffff]又近了一步,进入木之境【47-9】击败真武马面,AvatarAtlas,icon_horsehead_4_mu,40098#5,0,120
1134,1,1047021,1133,1135,火之境【48-3】,健美牛头在阴之境里已经做好了准备，就等你自投罗网了！,进入火之境【48-3】击败健美牛头,AvatarAtlas,icon_bullhead_4_huo,40086#5,0,120
1135,1,1047051,1134,1136,水之境【48-6】,鹿力大仙在木之境埋伏了不少妖魔，做好准备击败他吧！,进入水之境【48-6】击败鹿力大仙,AvatarAtlas,icon_deerlord_4_shui,40076#5,0,120
1136,1,1047081,1135,1137,水之境【48-9】,魔化武士在木之境守护着，击败他离获得[ff9900]星相石碎片[ffffff]又近了一步,进入水之境【48-9】击败魔化武士,AvatarAtlas,icon_mohuawushi_4_shui,40116#5,0,120
1137,1,1048021,1136,1138,阳之境【49-3】,天翼隼在火之境里已经做好了准备，就等你自投罗网了！,进入阳之境【49-3】击败天翼隼,AvatarAtlas,icon_tianyi_4_yang,40102#5,0,120
1138,1,1048051,1137,1139,阴之境【49-6】,夺魄在水之境埋伏了不少妖魔，做好准备击败他吧！,进入阴之境【49-6】击败夺魄,AvatarAtlas,icon_duopo_4_yin,40117#5,0,120
1139,1,1048081,1138,1140,阴之境【49-9】,冥界战将在水之境守护着，击败他离获得[ff9900]星相石碎片[ffffff]又近了一步,进入阴之境【49-9】击败冥界战将,AvatarAtlas,icon_mingjiezhanjiang_4_yin,40107#5,0,120
1140,1,1049021,1139,1141,木之境【50-3】,羊力大仙在阳之境里已经做好了准备，就等你自投罗网了！,进入木之境【50-3】击败羊力大仙,AvatarAtlas,icon_coatlord_4_mu,40104#5,0,120
1141,1,1049051,1140,1142,火之境【50-6】,虎力大仙在阴之境埋伏了不少妖魔，做好准备击败他吧！,进入火之境【50-6】击败虎力大仙,AvatarAtlas,icon_tigerlord_4_huo,40100#5,0,120
1142,1,1049081,1141,1143,火之境【50-9】,三头怪鸟在阴之境守护着，击败他离获得[ff9900]星相石碎片[ffffff]又近了一步,进入火之境【50-9】击败三头怪鸟,AvatarAtlas,icon_guainia_4_huo,40099#5,0,120
1143,1,1035091,1142,1144,阳之境【36-10】,执伞浪人在火之境中等待着你的到来，击杀他，获得更多的[ff9900]星相石碎片[ffffff]！,进入阳之境【36-10】击败执伞浪人,AvatarAtlas,icon_rainmaster_5_yang,30305#1|2000014#1,0,120
1144,1,1036021,1143,1145,阴之境【37-3】,古墓暗灵在水之境里已经做好了准备，就等你自投罗网了！,进入阴之境【37-3】击败古墓暗灵,AvatarAtlas,icon_anjingling_4_yin,40077#5,0,120
1145,1,1036051,1144,1146,木之境【37-6】,吞天兽在阳之境埋伏了不少妖魔，做好准备击败他吧！,进入木之境【37-6】击败吞天兽,AvatarAtlas,icon_totie_4_mu,40100#5,0,120
1146,1,1036081,1145,1147,木之境【37-9】,真武马面在阳之境守护着，击败他离获得[ff9900]星相石碎片[ffffff]又近了一步,进入木之境【37-9】击败真武马面,AvatarAtlas,icon_horsehead_4_mu,40104#5,0,120
1147,1,1036091,1146,1148,木之境【37-10】,苍叶白虎在阳之境中等待着你的到来，击杀他，获得更多的[ff9900]星相石碎片[ffffff]！,进入木之境【37-10】击败苍叶白虎,AvatarAtlas,icon_whitetriger_5_mu,30305#1|2000014#1,0,120
1148,1,1037021,1147,1149,火之境【38-3】,健美牛头在阴之境里已经做好了准备，就等你自投罗网了！,进入火之境【38-3】击败健美牛头,AvatarAtlas,icon_bullhead_4_huo,40078#5,0,120
1149,1,1037051,1148,1150,水之境【38-6】,鹿力大仙在木之境埋伏了不少妖魔，做好准备击败他吧！,进入水之境【38-6】击败鹿力大仙,AvatarAtlas,icon_deerlord_4_shui,40105#5,0,120
1150,1,1037081,1149,1151,水之境【38-9】,魔化武士在木之境守护着，击败他离获得[ff9900]星相石碎片[ffffff]又近了一步,进入水之境【38-9】击败魔化武士,AvatarAtlas,icon_mohuawushi_4_shui,40099#5,0,120
1151,1,1037091,1150,1152,水之境【38-10】,珠贝仙子在木之境中等待着你的到来，击杀他，获得更多的[ff9900]星相石碎片[ffffff]！,进入水之境【38-10】击败珠贝仙子,AvatarAtlas,icon_zhubeixianzi_5_shui,30305#1|2000014#1,0,120
1152,1,1038021,1151,1153,阳之境【39-3】,天翼隼在火之境里已经做好了准备，就等你自投罗网了！,进入阳之境【39-3】击败天翼隼,AvatarAtlas,icon_tianyi_4_yang,40079#5,0,120
1153,1,1038051,1152,1154,阴之境【39-6】,夺魄在水之境埋伏了不少妖魔，做好准备击败他吧！,进入阴之境【39-6】击败夺魄,AvatarAtlas,icon_duopo_4_yin,40110#5,0,120
1154,1,1038081,1153,1155,阴之境【39-9】,冥界战将在水之境守护着，击败他离获得[ff9900]星相石碎片[ffffff]又近了一步,进入阴之境【39-9】击败冥界战将,AvatarAtlas,icon_mingjiezhanjiang_4_yin,40094#5,0,120
1155,1,1038091,1154,1156,阴之境【39-10】,傀儡魔甲在水之境中等待着你的到来，击杀他，获得更多的[ff9900]星相石碎片[ffffff]！,进入阴之境【39-10】击败傀儡魔甲,AvatarAtlas,icon_gintan_5_yin,30305#1|2000014#1,0,120
1156,1,1039021,1155,1157,木之境【40-3】,羊力大仙在阳之境里已经做好了准备，就等你自投罗网了！,进入木之境【40-3】击败羊力大仙,AvatarAtlas,icon_coatlord_4_mu,40080#5,0,120
1157,1,1039051,1156,1158,火之境【40-6】,虎力大仙在阴之境埋伏了不少妖魔，做好准备击败他吧！,进入火之境【40-6】击败虎力大仙,AvatarAtlas,icon_tigerlord_4_huo,40107#5,0,120
1158,1,1039081,1157,1159,火之境【40-9】,三头怪鸟在阴之境守护着，击败他离获得[ff9900]星相石碎片[ffffff]又近了一步,进入火之境【40-9】击败三头怪鸟,AvatarAtlas,icon_guainia_4_huo,40111#5,0,120
1159,1,1039091,1158,1160,火之境【40-10】,御火剑使在阴之境中等待着你的到来，击杀他，获得更多的[ff9900]星相石碎片[ffffff]！,进入火之境【40-10】击败御火剑使,AvatarAtlas,icon_sworddancer_5_huo,30305#1|2000014#1,0,120
1160,1,1040021,1159,1161,水之境【41-3】,巨钳蟹将在木之境里已经做好了准备，就等你自投罗网了！,进入水之境【41-3】击败巨钳蟹将,AvatarAtlas,icon_juqianxiejiang_4_shui,40081#5,0,120
1161,1,1040051,1160,1162,阳之境【41-6】,向阳菊仙在火之境埋伏了不少妖魔，做好准备击败他吧！,进入阳之境【41-6】击败向阳菊仙,AvatarAtlas,icon_qiuju_4_yang,40102#5,0,120
1162,1,1040081,1161,1163,阳之境【41-9】,天门守将在火之境守护着，击败他离获得[ff9900]星相石碎片[ffffff]又近了一步,进入阳之境【41-9】击败天门守将,AvatarAtlas,icon_tianjiang_4_yang,40101#5,0,120
1163,1,1040091,1162,1164,阳之境【41-10】,持枪仙君在火之境中等待着你的到来，击杀他，获得更多的[ff9900]星相石碎片[ffffff]！,进入阳之境【41-10】击败持枪仙君,AvatarAtlas,icon_neza_5_yang,30305#1|2000014#1,0,120
1164,1,1041021,1163,1165,阴之境【42-3】,诸乘射手在水之境里已经做好了准备，就等你自投罗网了！,进入阴之境【42-3】击败诸乘射手,AvatarAtlas,icon_huaqingting_4_mu,40082#5,0,120
1165,1,1041051,1164,1166,木之境【42-6】,吞天兽在阳之境埋伏了不少妖魔，做好准备击败他吧！,进入木之境【42-6】击败吞天兽,AvatarAtlas,icon_totie_4_mu,40103#5,0,120
1166,1,1041081,1165,1167,木之境【42-9】,真武马面在阳之境守护着，击败他离获得[ff9900]星相石碎片[ffffff]又近了一步,进入木之境【42-9】击败真武马面,AvatarAtlas,icon_horsehead_4_mu,40098#5,0,120
1167,1,1041091,1166,1168,木之境【42-10】,六根道人在阳之境中等待着你的到来，击杀他，获得更多的[ff9900]星相石碎片[ffffff]！,进入木之境【42-10】击败六根道人,AvatarAtlas,icon_windmaster_5_mu,30305#1|2000014#1,0,120
1168,1,1042021,1167,1169,火之境【43-3】,健美牛头在阴之境里已经做好了准备，就等你自投罗网了！,进入火之境【43-3】击败健美牛头,AvatarAtlas,icon_bullhead_4_huo,40083#5,0,120
1169,1,1042051,1168,1170,水之境【43-6】,鹿力大仙在木之境埋伏了不少妖魔，做好准备击败他吧！,进入水之境【43-6】击败鹿力大仙,AvatarAtlas,icon_deerlord_4_shui,40093#5,0,120
1170,1,1042081,1169,1171,水之境【43-9】,魔化武士在木之境守护着，击败他离获得[ff9900]星相石碎片[ffffff]又近了一步,进入水之境【43-9】击败魔化武士,AvatarAtlas,icon_mohuawushi_4_shui,40095#5,0,120
1171,1,1042091,1170,1172,水之境【43-10】,碧眼冰蝶在木之境中等待着你的到来，击杀他，获得更多的[ff9900]星相石碎片[ffffff]！,进入水之境【43-10】击败碧眼冰蝶,AvatarAtlas,icon_butterfly_5_shui,30305#1|2000014#1,0,120
1172,1,1043021,1171,1173,阳之境【44-3】,梵地麒麟在火之境里已经做好了准备，就等你自投罗网了！,进入阳之境【44-3】击败梵地麒麟,AvatarAtlas,icon_kirin_4_yang,40084#5,0,120
1173,1,1043051,1172,1174,阴之境【44-6】,夺魄在水之境埋伏了不少妖魔，做好准备击败他吧！,进入阴之境【44-6】击败夺魄,AvatarAtlas,icon_duopo_4_yin,40096#5,0,120
1174,1,1043081,1173,1175,阴之境【44-9】,冥界战将在水之境守护着，击败他离获得[ff9900]星相石碎片[ffffff]又近了一步,进入阴之境【44-9】击败冥界战将,AvatarAtlas,icon_mingjiezhanjiang_4_yin,40097#5,0,120
1175,1,1043091,1174,1176,阴之境【44-10】,白无常在水之境中等待着你的到来，击杀他，获得更多的[ff9900]星相石碎片[ffffff]！,进入阴之境【44-10】击败白无常,AvatarAtlas,icon_gostkeeper_white_5_yin,30305#1|2000014#1,0,120
1176,1,1044021,1175,1177,木之境【45-3】,独孤求败在阳之境里已经做好了准备，就等你自投罗网了！,进入木之境【45-3】击败独孤求败,AvatarAtlas,icon_jianke_4_huo,40085#5,0,120
1177,1,1044051,1176,1178,火之境【45-6】,虎力大仙在阴之境埋伏了不少妖魔，做好准备击败他吧！,进入火之境【45-6】击败虎力大仙,AvatarAtlas,icon_tigerlord_4_huo,40115#5,0,120
1178,1,1044081,1177,1179,火之境【45-9】,三头怪鸟在阴之境守护着，击败他离获得[ff9900]星相石碎片[ffffff]又近了一步,进入火之境【45-9】击败三头怪鸟,AvatarAtlas,icon_guainia_4_huo,40116#5,0,120
1179,1,1044091,1178,1180,火之境【45-10】,猫天师在阴之境中等待着你的到来，击杀他，获得更多的[ff9900]星相石碎片[ffffff]！,进入火之境【45-10】击败猫天师,AvatarAtlas,icon_catimp_5_huo,30305#1|2000014#1,0,120
1180,1,1045021,1179,1181,水之境【46-3】,巨钳蟹将在木之境里已经做好了准备，就等你自投罗网了！,进入水之境【46-3】击败巨钳蟹将,AvatarAtlas,icon_juqianxiejiang_4_shui,40075#5,0,120
1181,1,1045051,1180,1182,阳之境【46-6】,向阳菊仙在火之境埋伏了不少妖魔，做好准备击败他吧！,进入阳之境【46-6】击败向阳菊仙,AvatarAtlas,icon_qiuju_4_yang,40117#5,0,120
1182,1,1045081,1181,1183,阳之境【46-9】,天门守将在火之境守护着，击败他离获得[ff9900]星相石碎片[ffffff]又近了一步,进入阳之境【46-9】击败天门守将,AvatarAtlas,icon_tianjiang_4_yang,40118#5,0,120
1183,1,1045091,1182,1184,阳之境【46-10】,执伞浪人在火之境中等待着你的到来，击杀他，获得更多的[ff9900]星相石碎片[ffffff]！,进入阳之境【46-10】击败执伞浪人,AvatarAtlas,icon_rainmaster_5_yang,30305#1|2000014#1,0,120
1184,1,1046021,1183,1185,阴之境【47-3】,古墓暗灵在水之境里已经做好了准备，就等你自投罗网了！,进入阴之境【47-3】击败古墓暗灵,AvatarAtlas,icon_anjingling_4_yin,40075#5,0,120
1185,1,1046051,1184,1186,木之境【47-6】,吞天兽在阳之境埋伏了不少妖魔，做好准备击败他吧！,进入木之境【47-6】击败吞天兽,AvatarAtlas,icon_totie_4_mu,40112#5,0,120
1186,1,1046081,1185,1187,木之境【47-9】,真武马面在阳之境守护着，击败他离获得[ff9900]星相石碎片[ffffff]又近了一步,进入木之境【47-9】击败真武马面,AvatarAtlas,icon_horsehead_4_mu,40113#5,0,120
1187,1,1046091,1186,1188,木之境【47-10】,苍叶白虎在阳之境中等待着你的到来，击杀他，获得更多的[ff9900]星相石碎片[ffffff]！,进入木之境【47-10】击败苍叶白虎,AvatarAtlas,icon_whitetriger_5_mu,30305#1|2000014#1,0,120
1188,1,1047021,1187,1189,火之境【48-3】,健美牛头在阴之境里已经做好了准备，就等你自投罗网了！,进入火之境【48-3】击败健美牛头,AvatarAtlas,icon_bullhead_4_huo,40076#5,0,120
1189,1,1047051,1188,1190,水之境【48-6】,鹿力大仙在木之境埋伏了不少妖魔，做好准备击败他吧！,进入水之境【48-6】击败鹿力大仙,AvatarAtlas,icon_deerlord_4_shui,40108#5,0,120
1190,1,1047081,1189,1191,水之境【48-9】,魔化武士在木之境守护着，击败他离获得[ff9900]星相石碎片[ffffff]又近了一步,进入水之境【48-9】击败魔化武士,AvatarAtlas,icon_mohuawushi_4_shui,40106#5,0,120
1191,1,1047091,1190,1192,水之境【48-10】,珠贝仙子在木之境中等待着你的到来，击杀他，获得更多的[ff9900]星相石碎片[ffffff]！,进入水之境【48-10】击败珠贝仙子,AvatarAtlas,icon_zhubeixianzi_5_shui,30305#1|2000014#1,0,120
1192,1,1048021,1191,1193,阳之境【49-3】,天翼隼在火之境里已经做好了准备，就等你自投罗网了！,进入阳之境【49-3】击败天翼隼,AvatarAtlas,icon_tianyi_4_yang,40077#5,0,120
1193,1,1048051,1192,1194,阴之境【49-6】,夺魄在水之境埋伏了不少妖魔，做好准备击败他吧！,进入阴之境【49-6】击败夺魄,AvatarAtlas,icon_duopo_4_yin,40100#5,0,120
1194,1,1048081,1193,1195,阴之境【49-9】,冥界战将在水之境守护着，击败他离获得[ff9900]星相石碎片[ffffff]又近了一步,进入阴之境【49-9】击败冥界战将,AvatarAtlas,icon_mingjiezhanjiang_4_yin,40104#5,0,120
1195,1,1048091,1194,1196,阴之境【49-10】,傀儡魔甲在水之境中等待着你的到来，击杀他，获得更多的[ff9900]星相石碎片[ffffff]！,进入阴之境【49-10】击败傀儡魔甲,AvatarAtlas,icon_gintan_5_yin,30305#1|2000014#1,0,120
1196,1,1049021,1195,1197,木之境【50-3】,羊力大仙在阳之境里已经做好了准备，就等你自投罗网了！,进入木之境【50-3】击败羊力大仙,AvatarAtlas,icon_coatlord_4_mu,40078#5,0,120
1197,1,1049051,1196,1198,火之境【50-6】,虎力大仙在阴之境埋伏了不少妖魔，做好准备击败他吧！,进入火之境【50-6】击败虎力大仙,AvatarAtlas,icon_tigerlord_4_huo,40105#5,0,120
1198,1,1049081,1197,1199,火之境【50-9】,三头怪鸟在阴之境守护着，击败他离获得[ff9900]星相石碎片[ffffff]又近了一步,进入火之境【50-9】击败三头怪鸟,AvatarAtlas,icon_guainia_4_huo,40099#5,0,120
1199,1,1049091,1198,1200,火之境【50-10】,御火剑使在阴之境中等待着你的到来，击杀他，获得更多的[ff9900]星相石碎片[ffffff]！,进入火之境【50-10】击败御火剑使,AvatarAtlas,icon_sworddancer_5_huo,30305#1|2000014#1,0,120
1200,2,1000002,0,2001,木之境,吞天兽在的深处静静的观察着你的一举一动！,进入木之境击败吞天兽,AvatarAtlas,icon_totie_4_mu,1000002#100,120,120
1201,2,1000012,2000,2002,木之境,神木大圣在疯狂地寻找着猎物，你可要当心了！,进入木之境击败神木大圣,AvatarAtlas,icon_sunwukong_5_mu,1000002#100,120,120
1202,2,1000022,2001,2003,木之境,承旭猿在里已经做好了准备，就等你自投罗网了！,进入木之境击败承旭猿,AvatarAtlas,icon_monkey_3_mu,1000002#100,120,120
1203,2,1000032,2002,2004,木之境,神木大圣在中潜伏着，快去寻找他吧！,进入木之境击败神木大圣,AvatarAtlas,icon_sunwukong_5_mu,1000002#100,120,120
1204,2,1000042,2003,2005,木之境,神木大圣在埋伏了不少妖魔，做好准备击败他吧！,进入木之境击败神木大圣,AvatarAtlas,icon_sunwukong_5_mu,1000002#100,120,120
1205,2,1000052,2004,2006,火之境,虎力大仙在埋伏了不少妖魔，做好准备击败他吧！,进入火之境击败虎力大仙,AvatarAtlas,icon_tigerlord_4_huo,1000002#100,120,120
1206,2,1000062,2005,2007,火之境,霞光朱雀在的深处静静的观察着你的一举一动！,进入火之境击败霞光朱雀,AvatarAtlas,icon_redbird_5_yang,1000002#100,120,120
1207,2,1000072,2006,2008,火之境,惹火狐妖在里已经做好了准备，就等你自投罗网了！,进入火之境击败惹火狐妖,AvatarAtlas,icon_evilfox_3_huo,1000002#100,120,120
1208,2,1000082,2007,2009,火之境,纵火大盗在守护着，击败他离获得[ff9900]星相石碎片[ffffff]又近了一步,进入火之境击败纵火大盗,AvatarAtlas,icon_flower_3_huo,1000002#100,120,120
1209,2,1000092,2008,2010,火之境,神火兽在中等待着你的到来，击杀他，获得更多的[ff9900]星相石碎片[ffffff]！,进入火之境击败神火兽,AvatarAtlas,icon_shenhuoshou_5_huo,1000002#100,120,120
1210,2,1001002,2009,2011,水之境,攀枝猿在中已经饥饿难耐！,进入水之境击败攀枝猿,AvatarAtlas,icon_monkey_3_shui,1000002#100,120,120
1211,2,1001012,2010,2012,水之境,游云青龙在中潜伏着，快去寻找他吧！,进入水之境击败游云青龙,AvatarAtlas,icon_bluedragon_5_shui,1000002#100,120,120
1212,2,1001022,2011,2013,水之境,珠贝仙子在里已经做好了准备，就等你自投罗网了！,进入水之境击败珠贝仙子,AvatarAtlas,icon_zhubeixianzi_5_shui,1000002#100,120,120
1213,2,1001032,2012,2014,水之境,洞雪兽在中已经饥饿难耐！,进入水之境击败洞雪兽,AvatarAtlas,icon_dongxueshou_5_shui,1000002#100,120,120
1214,2,1001042,2013,2015,水之境,执伞浪人在的深处静静的观察着你的一举一动！,进入水之境击败执伞浪人,AvatarAtlas,icon_rainmaster_5_yang,1000002#100,120,120
1215,2,1001052,2014,2016,阳之境,向阳菊仙在埋伏了不少妖魔，做好准备击败他吧！,进入阳之境击败向阳菊仙,AvatarAtlas,icon_qiuju_4_yang,1000002#150,120,120
1216,2,1001062,2015,2017,阳之境,迷踪影狐在中已经饥饿难耐！,进入阳之境击败迷踪影狐,AvatarAtlas,icon_evilfox_3_yang,1000002#150,120,120
1217,2,1001072,2016,2018,阳之境,通天眼在疯狂地寻找着猎物，你可要当心了！,进入阳之境击败通天眼,AvatarAtlas,icon_threeeyes_5_yang,1000002#150,120,120
1218,2,1001082,2017,2019,阳之境,大王蛇女在守护着，击败他离获得[ff9900]星相石碎片[ffffff]又近了一步,进入阳之境击败大王蛇女,AvatarAtlas,icon_evilsnake_3_yang,1000002#150,120,120
1219,2,1001092,2018,2020,阳之境,持枪仙君在中等待着你的到来，击杀他，获得更多的[ff9900]星相石碎片[ffffff]！,进入阳之境击败持枪仙君,AvatarAtlas,icon_neza_5_yang,1000002#150,120,120
1220,2,1002002,2019,2021,阴之境,追命魔女在疯狂地寻找着猎物，你可要当心了！,进入阴之境击败追命魔女,AvatarAtlas,icon_fairy_3_yin,1000002#150,120,120
1221,2,1002012,2020,2022,阴之境,九尾冥狐在中已经饥饿难耐！,进入阴之境击败九尾冥狐,AvatarAtlas,icon_evilfox_3_yin,1000002#150,120,120
1222,2,1002022,2021,2023,阴之境,追命魔女在里已经做好了准备，就等你自投罗网了！,进入阴之境击败追命魔女,AvatarAtlas,icon_fairy_3_yin,1000002#150,120,120
1223,2,1002032,2022,2024,阴之境,冥界战将在的深处静静的观察着你的一举一动！,进入阴之境击败冥界战将,AvatarAtlas,icon_mingjiezhanjiang_4_yin,1000002#150,120,120
1224,2,1002042,2023,2025,阴之境,古墓暗灵在的深处静静的观察着你的一举一动！,进入阴之境击败古墓暗灵,AvatarAtlas,icon_anjingling_4_yin,1000002#150,120,120
1225,2,1002052,2024,2026,木之境,鲁班巨像在埋伏了不少妖魔，做好准备击败他吧！,进入木之境击败鲁班巨像,AvatarAtlas,icon_mech_giant_5_mu,1000002#150,120,120
1226,2,1002062,2025,2027,木之境,翠翅蝶在里已经做好了准备，就等你自投罗网了！,进入木之境击败翠翅蝶,AvatarAtlas,icon_butterfly_3_mu,1000002#150,120,120
1227,2,1002072,2026,2028,木之境,羊力大仙在里已经做好了准备，就等你自投罗网了！,进入木之境击败羊力大仙,AvatarAtlas,icon_coatlord_4_mu,1000002#150,120,120
1228,2,1002082,2027,2029,木之境,真武马面在守护着，击败他离获得[ff9900]星相石碎片[ffffff]又近了一步,进入木之境击败真武马面,AvatarAtlas,icon_horsehead_4_mu,1000002#150,120,120
1229,2,1002092,2028,2030,木之境,诸乘射手在中等待着你的到来，击杀他，获得更多的[ff9900]星相石碎片[ffffff]！,进入木之境击败诸乘射手,AvatarAtlas,icon_huaqingting_4_mu,1000002#150,120,120
1230,2,1003002,2029,2031,火之境,三头怪鸟在中已经饥饿难耐！,进入火之境击败三头怪鸟,AvatarAtlas,icon_guainia_4_huo,1000002#200,120,120
1231,2,1003012,2030,2032,火之境,狂炎木在中潜伏着，快去寻找他吧！,进入火之境击败狂炎木,AvatarAtlas,icon_treeman_3_huo,1000002#200,120,120
1232,2,1003022,2031,2033,火之境,光明闪蝶在里已经做好了准备，就等你自投罗网了！,进入火之境击败光明闪蝶,AvatarAtlas,icon_butterfly_3_huo,1000002#200,120,120
1233,2,1003032,2032,2034,火之境,揽月猿在中的某个角落中准备将你一击致命！,进入火之境击败揽月猿,AvatarAtlas,icon_monkey_3_huo,1000002#200,120,120
1234,2,1003042,2033,2035,火之境,独孤求败在埋伏了不少妖魔，做好准备击败他吧！,进入火之境击败独孤求败,AvatarAtlas,icon_jianke_4_huo,1000002#200,120,120
1235,2,1003052,2034,2036,水之境,碧眼冰蝶在埋伏了不少妖魔，做好准备击败他吧！,进入水之境击败碧眼冰蝶,AvatarAtlas,icon_butterfly_5_shui,1000002#200,120,120
1236,2,1003062,2035,2037,水之境,浴雨狐妖在中潜伏着，快去寻找他吧！,进入水之境击败浴雨狐妖,AvatarAtlas,icon_evilfox_3_shui,1000002#200,120,120
1237,2,1003072,2036,2038,水之境,沼泽木在里已经做好了准备，就等你自投罗网了！,进入水之境击败沼泽木,AvatarAtlas,icon_treeman_3_shui,1000002#200,120,120
1238,2,1003082,2037,2039,水之境,执伞浪人在守护着，击败他离获得[ff9900]星相石碎片[ffffff]又近了一步,进入水之境击败执伞浪人,AvatarAtlas,icon_rainmaster_5_yang,1000002#200,120,120
1239,2,1003092,2038,2040,水之境,洞雪兽在中等待着你的到来，击杀他，获得更多的[ff9900]星相石碎片[ffffff]！,进入水之境击败洞雪兽,AvatarAtlas,icon_dongxueshou_5_shui,1000002#200,120,120
1240,2,1004002,2039,2041,阳之境,迷踪影狐在的深处静静的观察着你的一举一动！,进入阳之境击败迷踪影狐,AvatarAtlas,icon_evilfox_3_yang,1000002#200,120,120
1241,2,1004012,2040,2042,阳之境,点赞圣手在里已经做好了准备，就等你自投罗网了！,进入阳之境击败点赞圣手,AvatarAtlas,icon_spirit_3_yang,1000002#200,120,120
1242,2,1004022,2041,2043,阳之境,天翼隼在里已经做好了准备，就等你自投罗网了！,进入阳之境击败天翼隼,AvatarAtlas,icon_tianyi_4_yang,1000002#200,120,120
1243,2,1004032,2042,2044,阳之境,雷震童子在的深处静静的观察着你的一举一动！,进入阳之境击败雷震童子,AvatarAtlas,icon_lightningmaster_5_yang,1000002#200,120,120
1244,2,1004042,2043,2045,阳之境,大王蛇女在的深处静静的观察着你的一举一动！,进入阳之境击败大王蛇女,AvatarAtlas,icon_evilsnake_3_yang,1000002#200,120,120
1245,2,1004052,2044,2046,阴之境,追命魔女在埋伏了不少妖魔，做好准备击败他吧！,进入阴之境击败追命魔女,AvatarAtlas,icon_fairy_3_yin,1000002#200,120,120
1246,2,1004062,2045,2047,阴之境,冥界战将在的深处静静的观察着你的一举一动！,进入阴之境击败冥界战将,AvatarAtlas,icon_mingjiezhanjiang_4_yin,1000002#200,120,120
1247,2,1004072,2046,2048,阴之境,夺魄在的深处静静的观察着你的一举一动！,进入阴之境击败夺魄,AvatarAtlas,icon_duopo_4_yin,1000002#200,120,120
1248,2,1004082,2047,2049,阴之境,魔化武士在守护着，击败他离获得[ff9900]星相石碎片[ffffff]又近了一步,进入阴之境击败魔化武士,AvatarAtlas,icon_mohuawushi_4_shui,1000002#200,120,120
1249,2,1004092,2048,2050,阴之境,九尾冥狐在中等待着你的到来，击杀他，获得更多的[ff9900]星相石碎片[ffffff]！,进入阴之境击败九尾冥狐,AvatarAtlas,icon_evilfox_3_yin,1000002#200,120,120
1250,2,1005002,2049,2051,木之境,苍叶白虎在埋伏了不少妖魔，做好准备击败他吧！,进入木之境击败苍叶白虎,AvatarAtlas,icon_whitetriger_5_mu,1000002#200,120,120
1251,2,1005012,2050,2052,木之境,藏树狐妖在中的某个角落中准备将你一击致命！,进入木之境击败藏树狐妖,AvatarAtlas,icon_evilfox_3_mu,1000002#200,120,120
1252,2,1005022,2051,2053,木之境,羊力大仙在里已经做好了准备，就等你自投罗网了！,进入木之境击败羊力大仙,AvatarAtlas,icon_coatlord_4_mu,1000002#200,120,120
1253,2,1005032,2052,2054,木之境,羊力大仙在疯狂地寻找着猎物，你可要当心了！,进入木之境击败羊力大仙,AvatarAtlas,icon_coatlord_4_mu,1000002#200,120,120
1254,2,1005042,2053,2055,木之境,六根道人在中潜伏着，快去寻找他吧！,进入木之境击败六根道人,AvatarAtlas,icon_windmaster_5_mu,1000002#200,120,120
1255,2,1005052,2054,2056,火之境,虎力大仙在埋伏了不少妖魔，做好准备击败他吧！,进入火之境击败虎力大仙,AvatarAtlas,icon_tigerlord_4_huo,1000002#200,120,120
1256,2,1005062,2055,2057,火之境,狂炎木在中的某个角落中准备将你一击致命！,进入火之境击败狂炎木,AvatarAtlas,icon_treeman_3_huo,1000002#200,120,120
1257,2,1005072,2056,2058,火之境,纵火大盗在里已经做好了准备，就等你自投罗网了！,进入火之境击败纵火大盗,AvatarAtlas,icon_flower_3_huo,1000002#200,120,120
1258,2,1005082,2057,2059,火之境,烈碳符人在守护着，击败他离获得[ff9900]星相石碎片[ffffff]又近了一步,进入火之境击败烈碳符人,AvatarAtlas,icon_uncontrolmech_3_huo,1000002#200,120,120
1259,2,1005092,2058,2060,火之境,霞光朱雀在中等待着你的到来，击杀他，获得更多的[ff9900]星相石碎片[ffffff]！,进入火之境击败霞光朱雀,AvatarAtlas,icon_redbird_5_yang,1000002#200,120,120
1260,2,1006002,2059,2061,水之境,鹿力大仙在的深处静静的观察着你的一举一动！,进入水之境击败鹿力大仙,AvatarAtlas,icon_deerlord_4_shui,1000002#200,120,120
1261,2,1006012,2060,2062,水之境,游云青龙在的深处静静的观察着你的一举一动！,进入水之境击败游云青龙,AvatarAtlas,icon_bluedragon_5_shui,1000002#200,120,120
1262,2,1006022,2061,2063,水之境,双面毒蛛在里已经做好了准备，就等你自投罗网了！,进入水之境击败双面毒蛛,AvatarAtlas,icon_spider_3_shui,1000002#200,120,120
1263,2,1006032,2062,2064,水之境,鹿力大仙在中已经饥饿难耐！,进入水之境击败鹿力大仙,AvatarAtlas,icon_deerlord_4_shui,1000002#200,120,120
1264,2,1006042,2063,2065,水之境,游云青龙在里已经做好了准备，就等你自投罗网了！,进入水之境击败游云青龙,AvatarAtlas,icon_bluedragon_5_shui,1000002#200,120,120
1265,2,1006052,2064,2066,阳之境,向阳菊仙在埋伏了不少妖魔，做好准备击败他吧！,进入阳之境击败向阳菊仙,AvatarAtlas,icon_qiuju_4_yang,1000002#200,120,120
1266,2,1006062,2065,2067,阳之境,迷踪影狐在中的某个角落中准备将你一击致命！,进入阳之境击败迷踪影狐,AvatarAtlas,icon_evilfox_3_yang,1000002#200,120,120
1267,2,1006072,2066,2068,阳之境,雷震童子在的深处静静的观察着你的一举一动！,进入阳之境击败雷震童子,AvatarAtlas,icon_lightningmaster_5_yang,1000002#200,120,120
1268,2,1006082,2067,2069,阳之境,向阳菊仙在守护着，击败他离获得[ff9900]星相石碎片[ffffff]又近了一步,进入阳之境击败向阳菊仙,AvatarAtlas,icon_qiuju_4_yang,1000002#200,120,120
1269,2,1006092,2068,2070,阳之境,点赞圣手在中等待着你的到来，击杀他，获得更多的[ff9900]星相石碎片[ffffff]！,进入阳之境击败点赞圣手,AvatarAtlas,icon_spirit_3_yang,1000002#200,120,120
1270,2,1007002,2069,2071,阴之境,冥界战将在中已经饥饿难耐！,进入阴之境击败冥界战将,AvatarAtlas,icon_mingjiezhanjiang_4_yin,1000002#200,120,120
1271,2,1007012,2070,2072,阴之境,黑无常在中的某个角落中准备将你一击致命！,进入阴之境击败黑无常,AvatarAtlas,icon_gostkeeper_5_yin,1000002#200,120,120
1272,2,1007022,2071,2073,阴之境,双尾幽鬼在里已经做好了准备，就等你自投罗网了！,进入阴之境击败双尾幽鬼,AvatarAtlas,icon_shuangweiyouhun_3_yin,1000002#200,120,120
1273,2,1007032,2072,2074,阴之境,双尾幽鬼在里已经做好了准备，就等你自投罗网了！,进入阴之境击败双尾幽鬼,AvatarAtlas,icon_shuangweiyouhun_3_yin,1000002#200,120,120
1274,2,1007042,2073,2075,阴之境,双尾幽鬼在中已经饥饿难耐！,进入阴之境击败双尾幽鬼,AvatarAtlas,icon_shuangweiyouhun_3_yin,1000002#200,120,120
1275,2,1007052,2074,2076,木之境,真武马面在埋伏了不少妖魔，做好准备击败他吧！,进入木之境击败真武马面,AvatarAtlas,icon_horsehead_4_mu,1000002#200,120,120
1276,2,1007062,2075,2077,木之境,翠翅蝶在的深处静静的观察着你的一举一动！,进入木之境击败翠翅蝶,AvatarAtlas,icon_butterfly_3_mu,1000002#200,120,120
1277,2,1007072,2076,2078,木之境,爆木符人在里已经做好了准备，就等你自投罗网了！,进入木之境击败爆木符人,AvatarAtlas,icon_uncontrolmech_3_mu,1000002#200,120,120
1278,2,1007082,2077,2079,木之境,诸乘射手在守护着，击败他离获得[ff9900]星相石碎片[ffffff]又近了一步,进入木之境击败诸乘射手,AvatarAtlas,icon_huaqingting_4_mu,1000002#200,120,120
1279,2,1007092,2078,2080,木之境,诸乘射手在中等待着你的到来，击杀他，获得更多的[ff9900]星相石碎片[ffffff]！,进入木之境击败诸乘射手,AvatarAtlas,icon_huaqingting_4_mu,1000002#200,120,120
1280,2,1008002,2079,2081,火之境,三头怪鸟在疯狂地寻找着猎物，你可要当心了！,进入火之境击败三头怪鸟,AvatarAtlas,icon_guainia_4_huo,1000002#200,120,120
1281,2,1008012,2080,2082,火之境,光明闪蝶在中潜伏着，快去寻找他吧！,进入火之境击败光明闪蝶,AvatarAtlas,icon_butterfly_3_huo,1000002#200,120,120
1282,2,1008022,2081,2083,火之境,独孤求败在里已经做好了准备，就等你自投罗网了！,进入火之境击败独孤求败,AvatarAtlas,icon_jianke_4_huo,1000002#200,120,120
1283,2,1008032,2082,2084,火之境,霞光朱雀在疯狂地寻找着猎物，你可要当心了！,进入火之境击败霞光朱雀,AvatarAtlas,icon_redbird_5_yang,1000002#200,120,120
1284,2,1008042,2083,2085,火之境,三头怪鸟在埋伏了不少妖魔，做好准备击败他吧！,进入火之境击败三头怪鸟,AvatarAtlas,icon_guainia_4_huo,1000002#200,120,120
1285,2,1008052,2084,2086,水之境,执伞浪人在埋伏了不少妖魔，做好准备击败他吧！,进入水之境击败执伞浪人,AvatarAtlas,icon_rainmaster_5_yang,1000002#200,120,120
1286,2,1008062,2085,2087,水之境,浴雨狐妖在的深处静静的观察着你的一举一动！,进入水之境击败浴雨狐妖,AvatarAtlas,icon_evilfox_3_shui,1000002#200,120,120
1287,2,1008072,2086,2088,水之境,浴雨狐妖在的深处静静的观察着你的一举一动！,进入水之境击败浴雨狐妖,AvatarAtlas,icon_evilfox_3_shui,1000002#200,120,120
1288,2,1008082,2087,2089,水之境,游云青龙在守护着，击败他离获得[ff9900]星相石碎片[ffffff]又近了一步,进入水之境击败游云青龙,AvatarAtlas,icon_bluedragon_5_shui,1000002#200,120,120
1289,2,1008092,2088,2090,水之境,泽月罗仙在中等待着你的到来，击杀他，获得更多的[ff9900]星相石碎片[ffffff]！,进入水之境击败泽月罗仙,AvatarAtlas,icon_hydra_5_shui,1000002#200,120,120
1290,2,1009002,2089,2091,阳之境,大王蛇女在埋伏了不少妖魔，做好准备击败他吧！,进入阳之境击败大王蛇女,AvatarAtlas,icon_evilsnake_3_yang,1000002#200,120,120
1291,2,1009012,2090,2092,阳之境,雷震童子在中的某个角落中准备将你一击致命！,进入阳之境击败雷震童子,AvatarAtlas,icon_lightningmaster_5_yang,1000002#200,120,120
1292,2,1009022,2091,2093,阳之境,猫天师在里已经做好了准备，就等你自投罗网了！,进入阳之境击败猫天师,AvatarAtlas,icon_catimp_5_huo,1000002#200,120,120
1293,2,1009032,2092,2094,阳之境,天门守将在的深处静静的观察着你的一举一动！,进入阳之境击败天门守将,AvatarAtlas,icon_tianjiang_4_yang,1000002#200,120,120
1294,2,1009042,2093,2095,阳之境,梵地麒麟在疯狂地寻找着猎物，你可要当心了！,进入阳之境击败梵地麒麟,AvatarAtlas,icon_kirin_4_yang,1000002#200,120,120
1295,2,1009052,2094,2096,阴之境,双尾幽鬼在埋伏了不少妖魔，做好准备击败他吧！,进入阴之境击败双尾幽鬼,AvatarAtlas,icon_shuangweiyouhun_3_yin,1000002#200,120,120
1296,2,1009062,2095,2097,阴之境,双尾幽鬼在中潜伏着，快去寻找他吧！,进入阴之境击败双尾幽鬼,AvatarAtlas,icon_shuangweiyouhun_3_yin,1000002#200,120,120
1297,2,1009072,2096,2098,阴之境,傀儡魔甲在中的某个角落中准备将你一击致命！,进入阴之境击败傀儡魔甲,AvatarAtlas,icon_gintan_5_yin,1000002#200,120,120
1298,2,1009082,2097,2099,阴之境,瞑木玄武在守护着，击败他离获得[ff9900]星相石碎片[ffffff]又近了一步,进入阴之境击败瞑木玄武,AvatarAtlas,icon_blackturtle_5_yin,1000002#200,120,120
1299,2,1009092,2098,2100,阴之境,腹黑蛇女在中等待着你的到来，击杀他，获得更多的[ff9900]星相石碎片[ffffff]！,进入阴之境击败腹黑蛇女,AvatarAtlas,icon_evilsnake_3_yin,1000002#200,120,120
1300,2,1010002,2099,2101,木之境,爆木符人在疯狂地寻找着猎物，你可要当心了！,进入木之境击败爆木符人,AvatarAtlas,icon_uncontrolmech_3_mu,1000002#200,120,120
1301,2,1010012,2100,2102,木之境,神木大圣在里已经做好了准备，就等你自投罗网了！,进入木之境击败神木大圣,AvatarAtlas,icon_sunwukong_5_mu,1000002#200,120,120
1302,2,1010022,2101,2103,木之境,承旭猿在里已经做好了准备，就等你自投罗网了！,进入木之境击败承旭猿,AvatarAtlas,icon_monkey_3_mu,1000002#200,120,120
1303,2,1010032,2102,2104,木之境,藏树狐妖在的深处静静的观察着你的一举一动！,进入木之境击败藏树狐妖,AvatarAtlas,icon_evilfox_3_mu,1000002#200,120,120
1304,2,1010042,2103,2105,木之境,采花大盗在疯狂地寻找着猎物，你可要当心了！,进入木之境击败采花大盗,AvatarAtlas,icon_flower_3_mu,1000002#200,120,120
1305,2,1010052,2104,2106,火之境,纵火大盗在埋伏了不少妖魔，做好准备击败他吧！,进入火之境击败纵火大盗,AvatarAtlas,icon_flower_3_huo,1000002#200,120,120
1306,2,1010062,2105,2107,火之境,独孤求败在中的某个角落中准备将你一击致命！,进入火之境击败独孤求败,AvatarAtlas,icon_jianke_4_huo,1000002#200,120,120
1307,2,1010072,2106,2108,火之境,焚天炎龙在的深处静静的观察着你的一举一动！,进入火之境击败焚天炎龙,AvatarAtlas,icon_goldenlion_5_huo,1000002#200,120,120
1308,2,1010082,2107,2109,火之境,焚天炎龙在守护着，击败他离获得[ff9900]星相石碎片[ffffff]又近了一步,进入火之境击败焚天炎龙,AvatarAtlas,icon_goldenlion_5_huo,1000002#200,120,120
1309,2,1010092,2108,2110,火之境,霞光朱雀在中等待着你的到来，击杀他，获得更多的[ff9900]星相石碎片[ffffff]！,进入火之境击败霞光朱雀,AvatarAtlas,icon_redbird_5_yang,1000002#200,120,120
1310,2,1011002,2109,2111,水之境,泽月罗仙在中的某个角落中准备将你一击致命！,进入水之境击败泽月罗仙,AvatarAtlas,icon_hydra_5_shui,1000002#200,120,120
1311,2,1011012,2110,2112,水之境,泽月罗仙在中的某个角落中准备将你一击致命！,进入水之境击败泽月罗仙,AvatarAtlas,icon_hydra_5_shui,1000002#200,120,120
1312,2,1011022,2111,2113,水之境,沸水符人在里已经做好了准备，就等你自投罗网了！,进入水之境击败沸水符人,AvatarAtlas,icon_uncontrolmech_3_shui,1000002#200,120,120
1313,2,1011032,2112,2114,水之境,碧眼冰蝶在中潜伏着，快去寻找他吧！,进入水之境击败碧眼冰蝶,AvatarAtlas,icon_butterfly_5_shui,1000002#200,120,120
1314,2,1011042,2113,2115,水之境,珠贝仙子在中的某个角落中准备将你一击致命！,进入水之境击败珠贝仙子,AvatarAtlas,icon_zhubeixianzi_5_shui,1000002#200,120,120
1315,2,1011052,2114,2116,阳之境,雷震童子在埋伏了不少妖魔，做好准备击败他吧！,进入阳之境击败雷震童子,AvatarAtlas,icon_lightningmaster_5_yang,1000002#200,120,120
1316,2,1011062,2115,2117,阳之境,迷踪影狐在的深处静静的观察着你的一举一动！,进入阳之境击败迷踪影狐,AvatarAtlas,icon_evilfox_3_yang,1000002#200,120,120
1317,2,1011072,2116,2118,阳之境,点赞圣手在中潜伏着，快去寻找他吧！,进入阳之境击败点赞圣手,AvatarAtlas,icon_spirit_3_yang,1000002#200,120,120
1318,2,1011082,2117,2119,阳之境,点赞圣手在守护着，击败他离获得[ff9900]星相石碎片[ffffff]又近了一步,进入阳之境击败点赞圣手,AvatarAtlas,icon_spirit_3_yang,1000002#200,120,120
1319,2,1011092,2118,2120,阳之境,猫天师在中等待着你的到来，击杀他，获得更多的[ff9900]星相石碎片[ffffff]！,进入阳之境击败猫天师,AvatarAtlas,icon_catimp_5_huo,1000002#200,120,120
1320,2,1012002,2119,2121,阴之境,追命魔女在疯狂地寻找着猎物，你可要当心了！,进入阴之境击败追命魔女,AvatarAtlas,icon_fairy_3_yin,1000002#200,120,120
1321,2,1012012,2120,2122,阴之境,魔化武士在疯狂地寻找着猎物，你可要当心了！,进入阴之境击败魔化武士,AvatarAtlas,icon_mohuawushi_4_shui,1000002#200,120,120
1322,2,1012022,2121,2123,阴之境,腹黑蛇女在里已经做好了准备，就等你自投罗网了！,进入阴之境击败腹黑蛇女,AvatarAtlas,icon_evilsnake_3_yin,1000002#200,120,120
1323,2,1012032,2122,2124,阴之境,冥界战将在疯狂地寻找着猎物，你可要当心了！,进入阴之境击败冥界战将,AvatarAtlas,icon_mingjiezhanjiang_4_yin,1000002#200,120,120
1324,2,1012042,2123,2125,阴之境,九尾冥狐在的深处静静的观察着你的一举一动！,进入阴之境击败九尾冥狐,AvatarAtlas,icon_evilfox_3_yin,1000002#200,120,120
1325,2,1012052,2124,2126,木之境,采花大盗在埋伏了不少妖魔，做好准备击败他吧！,进入木之境击败采花大盗,AvatarAtlas,icon_flower_3_mu,1000002#200,120,120
1326,2,1012062,2125,2127,木之境,翠翅蝶在疯狂地寻找着猎物，你可要当心了！,进入木之境击败翠翅蝶,AvatarAtlas,icon_butterfly_3_mu,1000002#200,120,120
1327,2,1012072,2126,2128,木之境,苍叶白虎在中的某个角落中准备将你一击致命！,进入木之境击败苍叶白虎,AvatarAtlas,icon_whitetriger_5_mu,1000002#200,120,120
1328,2,1012082,2127,2129,木之境,采花大盗在守护着，击败他离获得[ff9900]星相石碎片[ffffff]又近了一步,进入木之境击败采花大盗,AvatarAtlas,icon_flower_3_mu,1000002#200,120,120
1329,2,1012092,2128,2130,木之境,黑寡妇在中等待着你的到来，击杀他，获得更多的[ff9900]星相石碎片[ffffff]！,进入木之境击败黑寡妇,AvatarAtlas,icon_spider_3_mu,1000002#200,120,120
1330,2,1013002,2129,2131,火之境,光明闪蝶在埋伏了不少妖魔，做好准备击败他吧！,进入火之境击败光明闪蝶,AvatarAtlas,icon_butterfly_3_huo,1000002#200,120,120
1331,2,1013012,2130,2132,火之境,虎力大仙在埋伏了不少妖魔，做好准备击败他吧！,进入火之境击败虎力大仙,AvatarAtlas,icon_tigerlord_4_huo,1000002#200,120,120
1332,2,1013022,2131,2133,火之境,神火兽在里已经做好了准备，就等你自投罗网了！,进入火之境击败神火兽,AvatarAtlas,icon_shenhuoshou_5_huo,1000002#200,120,120
1333,2,1013032,2132,2134,火之境,虎力大仙在埋伏了不少妖魔，做好准备击败他吧！,进入火之境击败虎力大仙,AvatarAtlas,icon_tigerlord_4_huo,1000002#200,120,120
1334,2,1013042,2133,2135,火之境,烈碳符人在中潜伏着，快去寻找他吧！,进入火之境击败烈碳符人,AvatarAtlas,icon_uncontrolmech_3_huo,1000002#200,120,120
1335,2,1013052,2134,2136,水之境,泽月罗仙在埋伏了不少妖魔，做好准备击败他吧！,进入水之境击败泽月罗仙,AvatarAtlas,icon_hydra_5_shui,1000002#200,120,120
1336,2,1013062,2135,2137,水之境,执伞浪人在里已经做好了准备，就等你自投罗网了！,进入水之境击败执伞浪人,AvatarAtlas,icon_rainmaster_5_yang,1000002#200,120,120
1337,2,1013072,2136,2138,水之境,游云青龙在疯狂地寻找着猎物，你可要当心了！,进入水之境击败游云青龙,AvatarAtlas,icon_bluedragon_5_shui,1000002#200,120,120
1338,2,1013082,2137,2139,水之境,碧眼冰蝶在守护着，击败他离获得[ff9900]星相石碎片[ffffff]又近了一步,进入水之境击败碧眼冰蝶,AvatarAtlas,icon_butterfly_5_shui,1000002#200,120,120
1339,2,1013092,2138,2140,水之境,泽月罗仙在中等待着你的到来，击杀他，获得更多的[ff9900]星相石碎片[ffffff]！,进入水之境击败泽月罗仙,AvatarAtlas,icon_hydra_5_shui,1000002#200,120,120
1340,2,1014002,2139,2141,阳之境,迷踪影狐在中已经饥饿难耐！,进入阳之境击败迷踪影狐,AvatarAtlas,icon_evilfox_3_yang,1000002#200,120,120
1341,2,1014012,2140,2142,阳之境,天门守将在埋伏了不少妖魔，做好准备击败他吧！,进入阳之境击败天门守将,AvatarAtlas,icon_tianjiang_4_yang,1000002#200,120,120
1342,2,1014022,2141,2143,阳之境,雷震童子在里已经做好了准备，就等你自投罗网了！,进入阳之境击败雷震童子,AvatarAtlas,icon_lightningmaster_5_yang,1000002#200,120,120
1343,2,1014032,2142,2144,阳之境,通天眼在埋伏了不少妖魔，做好准备击败他吧！,进入阳之境击败通天眼,AvatarAtlas,icon_threeeyes_5_yang,1000002#200,120,120
1344,2,1014042,2143,2145,阳之境,梵地麒麟在的深处静静的观察着你的一举一动！,进入阳之境击败梵地麒麟,AvatarAtlas,icon_kirin_4_yang,1000002#200,120,120
1345,2,1014052,2144,2146,阴之境,夺魄在埋伏了不少妖魔，做好准备击败他吧！,进入阴之境击败夺魄,AvatarAtlas,icon_duopo_4_yin,1000002#200,120,120
1346,2,1014062,2145,2147,阴之境,古墓暗灵在的深处静静的观察着你的一举一动！,进入阴之境击败古墓暗灵,AvatarAtlas,icon_anjingling_4_yin,1000002#200,120,120
1347,2,1014072,2146,2148,阴之境,黑无常在埋伏了不少妖魔，做好准备击败他吧！,进入阴之境击败黑无常,AvatarAtlas,icon_gostkeeper_5_yin,1000002#200,120,120
1348,2,1014082,2147,2149,阴之境,追命魔女在守护着，击败他离获得[ff9900]星相石碎片[ffffff]又近了一步,进入阴之境击败追命魔女,AvatarAtlas,icon_fairy_3_yin,1000002#200,120,120
1349,2,1014092,2148,2150,阴之境,魔化武士在中等待着你的到来，击杀他，获得更多的[ff9900]星相石碎片[ffffff]！,进入阴之境击败魔化武士,AvatarAtlas,icon_mohuawushi_4_shui,1000002#200,120,120
1350,2,1015002,2149,2151,木之境,采花大盗在里已经做好了准备，就等你自投罗网了！,进入木之境击败采花大盗,AvatarAtlas,icon_flower_3_mu,1000002#200,120,120
1351,2,1015012,2150,2152,木之境,真武马面在埋伏了不少妖魔，做好准备击败他吧！,进入木之境击败真武马面,AvatarAtlas,icon_horsehead_4_mu,1000002#200,120,120
1352,2,1015022,2151,2153,木之境,采花大盗在里已经做好了准备，就等你自投罗网了！,进入木之境击败采花大盗,AvatarAtlas,icon_flower_3_mu,1000002#200,120,120
1353,2,1015032,2152,2154,木之境,苍叶白虎在疯狂地寻找着猎物，你可要当心了！,进入木之境击败苍叶白虎,AvatarAtlas,icon_whitetriger_5_mu,1000002#200,120,120
1354,2,1015042,2153,2155,木之境,鲁班巨像在里已经做好了准备，就等你自投罗网了！,进入木之境击败鲁班巨像,AvatarAtlas,icon_mech_giant_5_mu,1000002#200,120,120
1355,2,1015052,2154,2156,火之境,狂炎木在埋伏了不少妖魔，做好准备击败他吧！,进入火之境击败狂炎木,AvatarAtlas,icon_treeman_3_huo,1000002#200,120,120
1356,2,1015062,2155,2157,火之境,狂炎木在中已经饥饿难耐！,进入火之境击败狂炎木,AvatarAtlas,icon_treeman_3_huo,1000002#200,120,120
1357,2,1015072,2156,2158,火之境,雷火金刚在的深处静静的观察着你的一举一动！,进入火之境击败雷火金刚,AvatarAtlas,icon_jingang_5_huo,1000002#200,120,120
1358,2,1015082,2157,2159,火之境,揽月猿在守护着，击败他离获得[ff9900]星相石碎片[ffffff]又近了一步,进入火之境击败揽月猿,AvatarAtlas,icon_monkey_3_huo,1000002#200,120,120
1359,2,1015092,2158,2160,火之境,焚天炎龙在中等待着你的到来，击杀他，获得更多的[ff9900]星相石碎片[ffffff]！,进入火之境击败焚天炎龙,AvatarAtlas,icon_goldenlion_5_huo,1000002#200,120,120
1360,2,1016002,2159,2161,水之境,碧波蝶在疯狂地寻找着猎物，你可要当心了！,进入水之境击败碧波蝶,AvatarAtlas,icon_butterfly_3_shui,1000002#200,120,120
1361,2,1016012,2160,2162,水之境,攀枝猿在疯狂地寻找着猎物，你可要当心了！,进入水之境击败攀枝猿,AvatarAtlas,icon_monkey_3_shui,1000002#200,120,120
1362,2,1016022,2161,2163,水之境,洞雪兽在里已经做好了准备，就等你自投罗网了！,进入水之境击败洞雪兽,AvatarAtlas,icon_dongxueshou_5_shui,1000002#200,120,120
1363,2,1016032,2162,2164,水之境,执伞浪人在里已经做好了准备，就等你自投罗网了！,进入水之境击败执伞浪人,AvatarAtlas,icon_rainmaster_5_yang,1000002#200,120,120
1364,2,1016042,2163,2165,水之境,鹿力大仙在的深处静静的观察着你的一举一动！,进入水之境击败鹿力大仙,AvatarAtlas,icon_deerlord_4_shui,1000002#200,120,120
1365,2,1016052,2164,2166,阳之境,向阳菊仙在埋伏了不少妖魔，做好准备击败他吧！,进入阳之境击败向阳菊仙,AvatarAtlas,icon_qiuju_4_yang,1000002#200,120,120
1366,2,1016062,2165,2167,阳之境,持枪仙君在的深处静静的观察着你的一举一动！,进入阳之境击败持枪仙君,AvatarAtlas,icon_neza_5_yang,1000002#200,120,120
1367,2,1016072,2166,2168,阳之境,双尾圣灵在中的某个角落中准备将你一击致命！,进入阳之境击败双尾圣灵,AvatarAtlas,icon_shuangweiyouhun_3_yang,1000002#200,120,120
1368,2,1016082,2167,2169,阳之境,大王蛇女在守护着，击败他离获得[ff9900]星相石碎片[ffffff]又近了一步,进入阳之境击败大王蛇女,AvatarAtlas,icon_evilsnake_3_yang,1000002#200,120,120
1369,2,1016092,2168,2170,阳之境,持枪仙君在中等待着你的到来，击杀他，获得更多的[ff9900]星相石碎片[ffffff]！,进入阳之境击败持枪仙君,AvatarAtlas,icon_neza_5_yang,1000002#200,120,120
1370,2,1017002,2169,2171,阴之境,双尾幽鬼在中的某个角落中准备将你一击致命！,进入阴之境击败双尾幽鬼,AvatarAtlas,icon_shuangweiyouhun_3_yin,1000002#200,120,120
1371,2,1017012,2170,2172,阴之境,夺魄在中的某个角落中准备将你一击致命！,进入阴之境击败夺魄,AvatarAtlas,icon_duopo_4_yin,1000002#200,120,120
1372,2,1017022,2171,2173,阴之境,白无常在里已经做好了准备，就等你自投罗网了！,进入阴之境击败白无常,AvatarAtlas,icon_gostkeeper_white_5_yin,1000002#200,120,120
1373,2,1017032,2172,2174,阴之境,冥界战将在中已经饥饿难耐！,进入阴之境击败冥界战将,AvatarAtlas,icon_mingjiezhanjiang_4_yin,1000002#200,120,120
1374,2,1017042,2173,2175,阴之境,九尾冥狐在中已经饥饿难耐！,进入阴之境击败九尾冥狐,AvatarAtlas,icon_evilfox_3_yin,1000002#200,120,120
1375,2,1017052,2174,2176,木之境,采花大盗在埋伏了不少妖魔，做好准备击败他吧！,进入木之境击败采花大盗,AvatarAtlas,icon_flower_3_mu,1000002#200,120,120
1376,2,1017062,2175,2177,木之境,诸乘射手在埋伏了不少妖魔，做好准备击败他吧！,进入木之境击败诸乘射手,AvatarAtlas,icon_huaqingting_4_mu,1000002#200,120,120
1377,2,1017072,2176,2178,木之境,翠翅蝶在中潜伏着，快去寻找他吧！,进入木之境击败翠翅蝶,AvatarAtlas,icon_butterfly_3_mu,1000002#200,120,120
1378,2,1017082,2177,2179,木之境,翠翅蝶在守护着，击败他离获得[ff9900]星相石碎片[ffffff]又近了一步,进入木之境击败翠翅蝶,AvatarAtlas,icon_butterfly_3_mu,1000002#200,120,120
1379,2,1017092,2178,2180,木之境,翠翅蝶在中等待着你的到来，击杀他，获得更多的[ff9900]星相石碎片[ffffff]！,进入木之境击败翠翅蝶,AvatarAtlas,icon_butterfly_3_mu,1000002#200,120,120
1380,2,1018002,2179,2181,火之境,烈碳符人在疯狂地寻找着猎物，你可要当心了！,进入火之境击败烈碳符人,AvatarAtlas,icon_uncontrolmech_3_huo,1000002#200,120,120
1381,2,1018012,2180,2182,火之境,烈碳符人在疯狂地寻找着猎物，你可要当心了！,进入火之境击败烈碳符人,AvatarAtlas,icon_uncontrolmech_3_huo,1000002#200,120,120
1382,2,1018022,2181,2183,火之境,纵火大盗在里已经做好了准备，就等你自投罗网了！,进入火之境击败纵火大盗,AvatarAtlas,icon_flower_3_huo,1000002#200,120,120
1383,2,1018032,2182,2184,火之境,雷火金刚在中的某个角落中准备将你一击致命！,进入火之境击败雷火金刚,AvatarAtlas,icon_jingang_5_huo,1000002#200,120,120
1384,2,1018042,2183,2185,火之境,雷火金刚在疯狂地寻找着猎物，你可要当心了！,进入火之境击败雷火金刚,AvatarAtlas,icon_jingang_5_huo,1000002#200,120,120
1385,2,1018052,2184,2186,水之境,双面毒蛛在埋伏了不少妖魔，做好准备击败他吧！,进入水之境击败双面毒蛛,AvatarAtlas,icon_spider_3_shui,1000002#200,120,120
1386,2,1018062,2185,2187,水之境,攀枝猿在的深处静静的观察着你的一举一动！,进入水之境击败攀枝猿,AvatarAtlas,icon_monkey_3_shui,1000002#200,120,120
1387,2,1018072,2186,2188,水之境,执伞浪人在埋伏了不少妖魔，做好准备击败他吧！,进入水之境击败执伞浪人,AvatarAtlas,icon_rainmaster_5_yang,1000002#200,120,120
1388,2,1018082,2187,2189,水之境,浴雨狐妖在守护着，击败他离获得[ff9900]星相石碎片[ffffff]又近了一步,进入水之境击败浴雨狐妖,AvatarAtlas,icon_evilfox_3_shui,1000002#200,120,120
1389,2,1018092,2188,2190,水之境,双面毒蛛在中等待着你的到来，击杀他，获得更多的[ff9900]星相石碎片[ffffff]！,进入水之境击败双面毒蛛,AvatarAtlas,icon_spider_3_shui,1000002#200,120,120
1390,2,1019002,2189,2191,阳之境,天门守将在埋伏了不少妖魔，做好准备击败他吧！,进入阳之境击败天门守将,AvatarAtlas,icon_tianjiang_4_yang,1000002#200,120,120
1391,2,1019012,2190,2192,阳之境,点赞圣手在的深处静静的观察着你的一举一动！,进入阳之境击败点赞圣手,AvatarAtlas,icon_spirit_3_yang,1000002#200,120,120
1392,2,1019022,2191,2193,阳之境,吉祥仙女在里已经做好了准备，就等你自投罗网了！,进入阳之境击败吉祥仙女,AvatarAtlas,icon_fairy_3_yang,1000002#200,120,120
1393,2,1019032,2192,2194,阳之境,通天眼在中已经饥饿难耐！,进入阳之境击败通天眼,AvatarAtlas,icon_threeeyes_5_yang,1000002#200,120,120
1394,2,1019042,2193,2195,阳之境,持枪仙君在里已经做好了准备，就等你自投罗网了！,进入阳之境击败持枪仙君,AvatarAtlas,icon_neza_5_yang,1000002#200,120,120
1395,2,1019052,2194,2196,阴之境,古墓暗灵在埋伏了不少妖魔，做好准备击败他吧！,进入阴之境击败古墓暗灵,AvatarAtlas,icon_anjingling_4_yin,1000002#200,120,120
1396,2,1019062,2195,2197,阴之境,九尾冥狐在里已经做好了准备，就等你自投罗网了！,进入阴之境击败九尾冥狐,AvatarAtlas,icon_evilfox_3_yin,1000002#200,120,120
1397,2,1019072,2196,2198,阴之境,九尾冥狐在中潜伏着，快去寻找他吧！,进入阴之境击败九尾冥狐,AvatarAtlas,icon_evilfox_3_yin,1000002#200,120,120
1398,2,1019082,2197,2199,阴之境,白无常在守护着，击败他离获得[ff9900]星相石碎片[ffffff]又近了一步,进入阴之境击败白无常,AvatarAtlas,icon_gostkeeper_white_5_yin,1000002#200,120,120
1399,2,1019092,2198,2200,阴之境,古墓暗灵在中等待着你的到来，击杀他，获得更多的[ff9900]星相石碎片[ffffff]！,进入阴之境击败古墓暗灵,AvatarAtlas,icon_anjingling_4_yin,1000002#200,120,120
