INDEX,FOLLOW_GUIDE,RELOAD_INDEX,DESCRIBE,TRIGGER_TYPE,TRIGGER_DELAY,TRIGGER_PARAM,GUIDE_TYPE,GUIDE_PARAM,GUIDE_TXT_SET,GUIDE_HAND_SET,PROTECT_TIME
INT,STRING,INT,STRING,INT,INT,STRING,INT,STRING,STRING,STRING,INT
1,2,1001,黑幕,7,0,stage=38001|role=50000|pet=30201#30202#30203,7,path=Prologue/a_ui_manhua_black|time=1.5|fade_time=0|out_time=0.6|dir=-120,0,0,0
2,3,1001,剧情视频,0,0,0,10,video=op_1.mp4,0,0,0
3,4,1001,出厂动画,0,0,0,9,cg=1|bgm=Sound/Stage/red_stage_bgm,0,0,0
4,5,1001,漫画剧情对白,0,50,0,2,dialog_id=5002001,0,0,0
5,6,1001,进入战斗场景,0,50,0,8,0,0,0,0
6,7,1001,点击地面移动,0,0,0,3,offset=5.7#0#4.2,style=1|offset=15#141|text=点击地面可以移动,style=1|offset=0#10|rotate=0|flip=0,0
7,8,1001,重启AI,0,0,0,0,stop_ai=0,0,0,0
8,9,1001,剧情对白,5,0,enemy=79913,2,dialog_id=5002006,0,0,0
9,10,1001,点击释放技能,0,0,0,4,button_id=1|enemy=79913,style=1|offset=15#141|text=点击释放技能,style=1|offset=0#10|rotate=0|flip=0,0
10,11,1001,重启AI,0,0,0,0,stop_ai=0,0,0,0
11,12,1001,战斗结束,0,18500,0,2,dialog_id=5002011,0,0,0
12,13,1001,黑幕,0,0,0,7,path=Prologue/a_ui_manhua_black|time=1.5|fade_time=0|out_time=0.6|bgm=Sound/Stage/red_stage_bgm,0,0,0
13,14,1001,停止AI,0,0,0,0,stop_ai=1,0,0,0
14,0,1001,剧情视频,0,0,0,10,video=op_2.mp4,0,0,0
1001,1002,1001,角色创建后对白,0,200,0,2,dialog_id=5000001#5000501,0,0,0
1002,1003,1002,主界面点闯荡，开始第一关,1,200,ui_name=PVEBtn,1,ui_name=PVEBtn,style=1|offset=-175#100|text=妖魔来了，让我们抓紧时间！,style=1|offset=-30#20|rotate=315|flip=1,0
1003,1004,1002,点击第一关ICON,1,200,ui_name=point_0#world_map_point,1,ui_name=point_0#world_map_point,style=1|offset=180#-10|text=狡猾的妖魔就埋伏在这附近,style=1|offset=10#-15|rotate=270|flip=0,0
1004,1005,1002,点击开始战斗按钮,1,200,ui_name=stage_info_start_new_1,1,ui_name=stage_info_start_new_1,style=1|offset=15#141|text=就是这里，让他们埋骨在此！,style=1|offset=0#10|rotate=0|flip=0,0
1005,1006|1008,0,第一关开始对白+移动引导对白,2,200,0,2,dialog_id=5000009#5000509,0,0,0
1006,1007|1008,0,点击移动到指定位置，指定位置需要有对应的地面光效支持,0,0,0,3,offset=4#0#2,style=1|offset=15#141|text=点击地面可以移动,style=1|offset=0#10|rotate=0|flip=0,0
1007,1008|1009,0,释放技能,5,0,enemy=70001,4,button_id=1|enemy=70001,style=1|offset=15#141|text=点击释放技能,style=1|offset=0#10|rotate=0|flip=0,0
1008,1003,1002,保险：第一关战斗失败，点击确认,1,200,ui_name=but_again,1,ui_name=but_again,style=1|offset=15#135|text=失败了，再试一次吧,style=1|offset=0#0|rotate=0|flip=0,0
1009,1010,1020,保险：安全保护，防止胜利对白时掉线,6,0,0,0,0,0,hide=1,0
1010,1011,1020,点击任意处关闭,1,200,ui_name=new_func_close_mask,1,ui_name=new_func_close_mask,0,hide=1,0
1011,1018,1020,(关卡中胜利对白配置在关卡表中)第一关战斗胜利，点击确认，接提示领奖,1,200,ui_name=pve_account_win_window#buttons#but_select,1,ui_name=pve_account_win_window#buttons#but_select,style=1|offset=15#135|text=有任务奖励可以领取啦,style=1|offset=0#0|rotate=0|flip=0,0
1012,1013,1020,引导任务领奖对白,0,200,0,2,dialog_id=5000061#5000561,0,0,0
1013,1014,1020,点击任务,1,200,ui_name=totalTaskBtn,1,ui_name=totalTaskBtn,style=1|offset=15#141|text=打开任务详情,style=1|offset=0#10|rotate=0|flip=0,0
1014,1015,1020,点击领奖,1,200,ui_name=normal#noEnd#get,1,ui_name=normal#noEnd#get,style=1|offset=15#135|text=点击领取奖励,style=1|offset=0#0|rotate=0|flip=0,0
1015,1016,1020,领奖后对白,0,200,0,2,dialog_id=5000071#5000571,0,0,0
1016,1018,1020,关闭,1,200,ui_name=close,1,ui_name=close,style=1|offset=-17#-139|text=关闭奖励窗口,style=1|offset=0#-30|rotate=180|flip=0,0
1017,1013,1017,保险：领奖过程掉线，主界面点击闯荡，接：引导任务领奖对白,1,200,ui_name=PVEBtn,1,ui_name=PVEBtn,style=1|offset=-175#100|text=回到闯荡中去领奖吧,style=1|offset=-30#20|rotate=315|flip=1,0
1018,1019,1020,提示玩家可以抽卡对白,0,200,0,2,dialog_id=5000022#5000522,0,0,0
1019,1020,1020,返回,1,200,ui_name=world_map_back,1,ui_name=world_map_back,style=1|offset=152#-117|text=返回上一个界面,style=1|offset=15#-27|rotate=225|flip=0,0
1020,1021,1020,主页告诉玩家商城可以抽卡对白,0,200,0,2,dialog_id=5000023#5000523,0,0,0
1021,1022,1020,点击商城,1,200,ui_name=ShopBtn,1,ui_name=ShopBtn,style=1|offset=-177#-123|text=快召唤个威武的灵将来帮忙！,style=1|offset=-20#-30|rotate=235|flip=1,0
1022,1023,0,点击抽一次,1,200,ui_name=but_shop_buy_advance_free,1,ui_name=but_shop_buy_advance_free,style=1|offset=15#135|text=召唤十次必然获得高品质灵将,style=1|offset=0#0|rotate=0|flip=0,0
1023,1024,0,安全延迟,0,4000,0,0,0,0,0,0
1024,1025,0,安全延迟保存点,0,0,0,0,0,0,0,0
1025,1026,1027,点击返回,1,400,ui_name=shop_gain_pet_window_close_btn,1,ui_name=shop_gain_pet_window_close_btn,style=1|offset=152#-117|text=拿到紫色灵将！让他上阵吧！,style=1|offset=15#-27|rotate=225|flip=0,0
1026,1027,1027,点击返回,1,200,ui_name=shop_window_back,1,ui_name=shop_window_back,style=1|offset=152#-117|text=接下来让虎力大仙上阵吧,style=1|offset=15#-27|rotate=225|flip=0,0
1027,1028,1027,抽卡结束对话，提示上阵,0,200,0,2,dialog_id=5000028#5000528,0,0,0
1028,1029,1027,点击队伍,1,200,ui_name=CharacterBtn,1,ui_name=CharacterBtn,style=1|offset=150#85|text=点击进入队伍,style=1|offset=10#-10|rotate=315|flip=0,0
1029,1030,1027,点击第二个空栏位,1,200,ui_name=icon_infos(Clone)_1#team_add_pos_btn,1,ui_name=icon_infos(Clone)_1#team_add_pos_btn,style=1|offset=180#-10|text=点击灵将站位栏,style=1|offset=10#-15|rotate=270|flip=0,0
1030,1031,1027,选择出战灵将,1,200,ui_name=use_group#ScrollView#grid#group(Clone)_0#bag_pet_single_btn,1,ui_name=use_group#ScrollView#grid#group(Clone)_0#bag_pet_single_btn,style=1|offset=180#-10|text=选择虎力大仙,style=1|offset=10#-15|rotate=270|flip=0,0
1031,1032,1034,上阵后对话,0,200,0,2,dialog_id=5000032#5000532,0,0,0
1032,1034,1034,点击返回,1,200,ui_name=team_window_back_btn,1,ui_name=team_window_back_btn,style=1|offset=152#-117|text=去试试虎力大仙的威力吧,style=1|offset=15#-27|rotate=225|flip=0,0
1033,0,0,空引导内容，不可删除,0,0,0,0,0,0,0,0
1034,1035,0,主界面点闯荡，开始第二关,1,200,ui_name=PVEBtn,1,ui_name=PVEBtn,style=1|offset=-175#100|text=让我们继续去闯荡吧,style=1|offset=-30#20|rotate=315|flip=1,0
1035,1036,0,点击第二关ICON,1,200,ui_name=point_1#world_map_point,1,ui_name=point_1#world_map_point,style=1|offset=180#-10|text=继续降妖！！,style=1|offset=10#-15|rotate=270|flip=0,0
1036,1037,0,点击开始战斗按钮,1,200,ui_name=stage_info_start_new_1,1,ui_name=stage_info_start_new_1,style=1|offset=15#141|text=就是这里，让他们埋骨在此！,style=1|offset=0#10|rotate=0|flip=0,0
1037,1038|1039,0,开战前对话,2,200,0,2,dialog_id=5000040#5000540,0,0,0
1038,1039|1040,0,点击移动到指定位置，指定位置需要有对应的地面光效支持,0,0,0,3,offset=-1#0#-5,style=1|offset=15#141|text=点击向前方移动！,style=1|offset=0#10|rotate=0|flip=0,0
1039,1036,1038,保险：第二关战斗失败，点击确认,1,200,ui_name=but_again,1,ui_name=but_again,style=1|offset=15#135|text=失败了，再试一次吧,style=1|offset=0#0|rotate=0|flip=0,0
1040,1041,1048,点击任意处关闭,1,200,ui_name=new_func_close_mask,1,ui_name=new_func_close_mask,0,hide=1,0
1041,1042,1048,第二关战斗胜利，点击确认，接领取星级宝箱,0,200,ui_name=pve_account_win_window#buttons#but_select,1,ui_name=pve_account_win_window#buttons#but_select,style=1|offset=15#135|text=点击确认,style=1|offset=0#0|rotate=0|flip=0,0
1042,1043,1048,第二关胜利对白,0,200,0,2,dialog_id=5000044#5000544,0,0,0
1043,1044,1048,点星级宝箱,1,200,ui_name=boxItem1#btn_task_box,1,ui_name=boxItem1#btn_task_box,style=1|offset=-17#-139|text=星级宝箱可以领奖了！,style=1|offset=0#-30|rotate=180|flip=0,0
1044,1046,1048,领取,1,200,ui_name=receiveButton,1,ui_name=receiveButton,style=1|offset=-17#-139|text=领取奖励,style=1|offset=0#-30|rotate=180|flip=0,0
1045,1046,1049,关闭,1,200,ui_name=close,1,ui_name=close,style=1|offset=-17#-139|text=关闭奖励窗口,style=1|offset=0#-30|rotate=180|flip=0,0
1046,1047,1049,关闭后的引导对白，提示升级,0,200,0,2,dialog_id=5000050#5000550,0,0,0
1047,1049,1049,返回,1,200,ui_name=world_map_back,1,ui_name=world_map_back,style=1|offset=152#-117|text=返回上一个界面,style=1|offset=15#-27|rotate=225|flip=0,0
1048,1043,1048,掉线：主界面点闯荡，接：点击星级宝箱,1,200,ui_name=PVEBtn,1,ui_name=PVEBtn,style=1|offset=-175#100|text=回到闯荡领奖,style=1|offset=-30#20|rotate=315|flip=1,0
1049,1050,1049,点击队伍；同时作为掉线保护,1,200,ui_name=CharacterBtn,1,ui_name=CharacterBtn,style=1|offset=150#85|text=点击进入队伍,style=1|offset=10#-10|rotate=315|flip=0,0
1050,1051,1049,选择第一个灵将,1,200,ui_name=icon_infos(Clone)_1#team_pos_head_btn,1,ui_name=icon_infos(Clone)_1#team_pos_head_btn,style=1|offset=180#-10|text=选择虎力大仙,style=1|offset=10#-15|rotate=270|flip=0,0
1051,1052,1049,点击升级,1,200,ui_name=go_team_upgrade,1,ui_name=go_team_upgrade,style=1|offset=15#135|text=让我们为虎力大仙提升等级吧,style=1|offset=0#0|rotate=0|flip=0,0
1052,1053,1049,点击添加灵将,1,200,ui_name=cur_pet_icon(Clone)_0#add_upgrade_pet_btn,1,ui_name=cur_pet_icon(Clone)_0#add_upgrade_pet_btn,style=1|offset=15#141|text=点击自动放入升级材料,style=1|offset=0#10|rotate=0|flip=0,0
1053,1054,1049,添加经验灵将,1,200,ui_name=up_group#ScrollView#grid#group(Clone)_0#bag_pet_multiple_icon_btn,1,ui_name=up_group#ScrollView#grid#group(Clone)_0#bag_pet_multiple_icon_btn,style=1|offset=165#152|text=选择升级材料,style=1|offset=180#-43|rotate=180|flip=0,0
1054,1059,1049,添加第2个,1,200,ui_name=up_group#ScrollView#grid#group(Clone)_1#bag_pet_multiple_icon_btn,1,ui_name=up_group#ScrollView#grid#group(Clone)_1#bag_pet_multiple_icon_btn,style=1|offset=165#152|text=继续选择,style=1|offset=180#-43|rotate=180|flip=0,0
1055,1056,1049,添加第3个，备用,1,200,ui_name=up_group#ScrollView#grid#group(Clone)_2#bag_pet_multiple_icon_btn,1,ui_name=up_group#ScrollView#grid#group(Clone)_2#bag_pet_multiple_icon_btn,0,0,0
1056,1057,1049,添加第4个，备用,1,200,ui_name=up_group#ScrollView#grid#group(Clone)_3#bag_pet_multiple_icon_btn,1,ui_name=up_group#ScrollView#grid#group(Clone)_3#bag_pet_multiple_icon_btn,0,0,0
1057,1058,1049,添加第5个，备用,1,200,ui_name=up_group#ScrollView#grid#group(Clone)_4#bag_pet_multiple_icon_btn,1,ui_name=up_group#ScrollView#grid#group(Clone)_4#bag_pet_multiple_icon_btn,0,0,0
1058,1059,1049,添加第6个，备用,1,200,ui_name=up_group#ScrollView#grid#group(Clone)_5#bag_pet_multiple_icon_btn,1,ui_name=up_group#ScrollView#grid#group(Clone)_5#bag_pet_multiple_icon_btn,0,0,0
1059,1060,1049,点击确定,1,200,ui_name=pet_bag_ok_button,1,ui_name=pet_bag_ok_button,style=1|offset=15#135|text=选择完毕后点击确认,style=1|offset=0#0|rotate=0|flip=0,0
1060,1061,1049,点击升级,1,200,ui_name=pet_level_up_btn,1,ui_name=pet_level_up_btn,style=1|offset=15#135|text=确认升级,style=1|offset=0#0|rotate=0|flip=0,0
1061,1062,1064,升级完成后对话,0,200,0,2,dialog_id=5000054#5000554,0,0,0
1062,1063,1064,点击返回,1,200,ui_name=team_window_back_btn,1,ui_name=team_window_back_btn,style=1|offset=152#-117|text=返回上一个界面,style=1|offset=15#-27|rotate=225|flip=0,0
1063,1064,1063,主界面点闯荡，开始第三关,1,300,ui_name=PVEBtn,1,ui_name=PVEBtn,style=1|offset=-175#100|text=找点妖魔小怪打打牙祭吧,style=1|offset=-30#20|rotate=315|flip=1,0
1064,1065,1063,点击第三关ICON,1,200,ui_name=point_2#world_map_point,1,ui_name=point_2#world_map_point,style=1|offset=180#-10|text=让我们进入关卡消灭妖魔,style=1|offset=10#-15|rotate=270|flip=0,0
1065,1067,1063,点击开始战斗按钮,1,200,ui_name=stage_info_start_new_1,1,ui_name=stage_info_start_new_1,style=1|offset=15#141|text=开始降妖,style=1|offset=0#10|rotate=0|flip=0,0
1066,1067,1066,第三关开战前准备对话（配置进关卡中）,0,200,0,2,dialog_id=5000055#5000555,0,0,0
1067,1068,0,镜头移动,5,0,enemy=71705,6,mode=1|enemy=71705|time=0.5,0,0,0
1068,1069,0,战斗中集火提示文字对话,0,0,0,2,dialog_id=5001146#5001646,0,0,0
1069,1071|1070,0,点击集火目标,0,0,0,5,enemy=71705|size=80#80,style=1|offset=15#141|text=先集火消灭这个远程怪物！,style=1|offset=0#10|rotate=0|flip=0,0
1070,1065,0,保险：第三关战斗失败，点击确认,1,200,ui_name=but_again,1,ui_name=but_again,style=1|offset=15#135|text=失败了，再试一次吧,style=1|offset=0#0|rotate=0|flip=0,0
1071,1072,1079,点击任意处关闭,1,200,ui_name=new_func_close_mask,1,ui_name=new_func_close_mask,0,hide=1,0
1072,1073,1079,第三关战斗胜利，点击确认，接领任务,1,200,ui_name=pve_account_win_window#buttons#but_select,1,ui_name=pve_account_win_window#buttons#but_select,style=1|offset=15#135|text=让我们回到关卡界面,style=1|offset=0#0|rotate=0|flip=0,0
1073,1074,1079,引导领星级宝箱对白,0,200,0,2,dialog_id=5000056#5000556,0,0,0
1074,1075,1079,点星级宝箱,1,200,ui_name=boxItem2#btn_task_box,1,ui_name=boxItem2#btn_task_box,style=1|offset=-17#-139|text=现在可以领奖了,style=1|offset=0#-30|rotate=180|flip=0,0
1075,1077,1079,领取,1,200,ui_name=receiveButton,1,ui_name=receiveButton,style=1|offset=-17#-139|text=领取奖励,style=1|offset=0#-30|rotate=180|flip=0,0
1076,1077,1080,关闭,1,200,ui_name=close,1,ui_name=close,style=1|offset=-17#-139|text=关闭奖励窗口,style=1|offset=0#-30|rotate=180|flip=0,0
1077,1078,1080,关闭后的引导对白，提示突破,0,200,0,2,dialog_id=5000059#5000559,0,0,0
1078,1080,1080,返回,1,200,ui_name=world_map_back,1,ui_name=world_map_back,style=1|offset=152#-117|text=返回上一个界面,style=1|offset=15#-27|rotate=225|flip=0,0
1079,1074,1079,掉线：主界面点闯荡，接：点击星级宝箱,1,200,ui_name=PVEBtn,1,ui_name=PVEBtn,style=1|offset=-175#100|text=回到闯荡领奖,style=1|offset=-30#20|rotate=315|flip=1,0
1080,1081,1080,点击队伍,1,200,ui_name=CharacterBtn,1,ui_name=CharacterBtn,style=1|offset=150#85|text=点击进入队伍,style=1|offset=10#-10|rotate=315|flip=0,0
1081,1082,1080,点击突破,1,200,ui_name=go_team_break_button,1,ui_name=go_team_break_button,style=1|offset=15#135|text=让我们为主角突破吧,style=1|offset=0#0|rotate=0|flip=0,0
1082,1083,1080,点击完成突破,1,200,ui_name=break_button,1,ui_name=break_button,style=1|offset=15#135|text=点击突破按钮完成突破,style=1|offset=0#0|rotate=0|flip=0,0
1083,1084,1086,关闭确认界面,1,200,ui_name=break_result_close_button,1,ui_name=break_result_close_button,style=1|offset=15#135|text=关闭突破结果界面,style=1|offset=0#0|rotate=0|flip=0,0
1084,1085,1086,突破结束对话,0,200,0,2,dialog_id=5000064#5000564,0,0,0
1085,1086,1086,点击返回,1,200,ui_name=team_window_back_btn,1,ui_name=team_window_back_btn,style=1|offset=152#-117|text=点击返回主界面,style=1|offset=15#-27|rotate=225|flip=0,0
1086,1087,1086,主界面点闯荡接第四关,1,200,ui_name=PVEBtn,1,ui_name=PVEBtn,style=1|offset=-175#100|text=让我们继续去闯荡吧,style=1|offset=-30#20|rotate=315|flip=1,0
1087,1088,1086,点击第四关ICON,1,300,ui_name=point_3#world_map_point,1,ui_name=point_3#world_map_point,style=1|offset=-177#-123|text=让我们进入关卡消灭妖魔,style=1|offset=-20#-30|rotate=235|flip=1,0
1088,1091|1090,1086,点击开始战斗按钮,1,200,ui_name=stage_info_start_new_1,1,ui_name=stage_info_start_new_1,style=1|offset=15#141|text=开始降妖,style=1|offset=0#10|rotate=0|flip=0,0
1089,1091|1090,1086,第四关闯荡开始对话（配置进关卡中）,0,200,0,2,dialog_id=5000068#5000568,0,0,0
1090,1088,1086,保险：第四关战斗失败，点击确认,1,200,ui_name=but_again,1,ui_name=but_again,style=1|offset=15#135|text=失败了，再试一次吧,style=1|offset=0#0|rotate=0|flip=0,0
1091,1094,1099,保险：安全保护，防止胜利对白时掉线,6,0,0,0,0,0,hide=1,0
1092,1094,1099,点击任意处关闭,1,200,ui_name=new_func_close_mask,1,ui_name=new_func_close_mask,0,hide=1,0
1093,1094,1099,第四关胜利对话（配置进关卡中）,1,200,ui_name=pve_account_win_window#buttons#but_select,2,dialog_id=5000074#5000574,0,0,0
1094,1095,1099,第四关战斗胜利，点击确认，接领任务,0,0,0,1,ui_name=but_select,style=1|offset=15#135|text=让我们回到关卡界面,style=1|offset=0#0|rotate=0|flip=0,0
1095,1096,1099,引导任务领奖对白,0,200,0,2,dialog_id=5000080#5000580,0,0,0
1096,1097,1099,点击任务,1,200,ui_name=totalTaskBtn,1,ui_name=totalTaskBtn,style=1|offset=15#141|text=有任务奖励可以领取啦,style=1|offset=0#10|rotate=0|flip=0,0
1097,1098,1099,点击领奖,1,200,ui_name=normal#noEnd#get,1,ui_name=normal#noEnd#get,style=1|offset=15#135|text=看看会有什么惊喜呢,style=1|offset=0#0|rotate=0|flip=0,0
1098,1101,1100,关闭,1,200,ui_name=close,1,ui_name=close,style=1|offset=-17#-139|text=关闭任务窗口,style=1|offset=0#-30|rotate=180|flip=0,0
1099,1095,1099,保险：领奖过程掉线，主界面点击闯荡，接：引导任务领奖对白,1,200,ui_name=PVEBtn,1,ui_name=PVEBtn,style=1|offset=-175#100|text=回到闯荡领奖,style=1|offset=-30#20|rotate=315|flip=1,0
1100,1110,1100,关闭时的掉线保险，接对白,1,200,ui_name=PVEBtn,1,ui_name=PVEBtn,style=1|offset=-175#100|text=少侠，继续战斗吧,style=1|offset=-30#20|rotate=315|flip=1,0
1101,1110,1100,得到鹿力对话,0,200,0,2,dialog_id=5000090#5000590,0,0,0
1102,1103,1100,返回,1,200,ui_name=world_map_back,1,ui_name=world_map_back,style=1|offset=152#-117|text=返回上一个界面,style=1|offset=15#-27|rotate=225|flip=0,0
1103,1104,1100,点击背包，保险：掉线后继续点击背包,1,200,ui_name=PackageConsumeBtn,1,ui_name=PackageConsumeBtn,style=1|offset=15#141|text=点击背包查看获得的奖励,style=1|offset=0#10|rotate=0|flip=0,0
1104,1105,1100,点击第2个道具,1,200,ui_name=consume_group#ScrollView#grid#group(Clone)_2#package_consume_item_bth,1,ui_name=consume_group#ScrollView#grid#group(Clone)_2#package_consume_item_bth,style=1|offset=15#141|text=选中奖励宝箱,style=1|offset=0#10|rotate=0|flip=0,0
1105,1106,1100,使用宝箱前对白,0,200,0,2,#N/A,0,0,0
1106,1107,1100,点击使用,1,200,ui_name=package_consume_use_btn,1,ui_name=package_consume_use_btn,style=1|offset=15#141|text=快看看有什么惊喜吧,style=1|offset=0#10|rotate=0|flip=0,0
1107,1108,1109,使用宝箱后对白,0,200,0,2,#N/A,0,0,0
1108,1109,1109,返回,1,200,ui_name=backBtn,1,ui_name=backBtn,style=1|offset=152#-117|text=返回上一个界面,style=1|offset=15#-27|rotate=225|flip=0,0
1109,1110,1109,主界面点闯荡,1,200,ui_name=PVEBtn,1,ui_name=PVEBtn,style=1|offset=-175#100|text=快回到闯荡去闯关吧,style=1|offset=-30#20|rotate=315|flip=1,0
1110,1111,1100,回到闯荡的引导对话,0,200,0,2,dialog_id=5000092#5000592,0,0,0
1111,0,0,点击第5关ICON,1,200,ui_name=map_1#point_0#world_map_point,1,ui_name=map_1#point_0#world_map_point,style=1|offset=180#-10|text=继续挑战击败更多的妖魔,style=1|offset=10#-15|rotate=270|flip=0,0
2101,0,0,8升级，弹出对话，提示可以上阵第二个灵将了,4,200,level=9,2,dialog_id=5001144#5001244,0,0,0
2201,2202,2203,10升级，弹出对话，提示竞技场,4,200,level=10,2,dialog_id=5001101#5001201,0,0,0
2202,2205,2203,点击去看看,1,200,ui_name=func_open_item(Clone)_0#new_func_open_btn,1,ui_name=func_open_item(Clone)_0#new_func_open_btn,style=1|offset=15#135|text=我们去竞技场看看吧,style=1|offset=0#0|rotate=0|flip=0,0
2203,2204,2203,掉线：主页点击历练,1,200,ui_name=lilian_btn,1,ui_name=lilian_btn,style=1|offset=-175#100|text=进入历练,style=1|offset=-30#20|rotate=315|flip=1,0
2204,2205,2203,点击竞技场,1,200,ui_name=peak_pvp_enter_PVPBtn,1,ui_name=peak_pvp_enter_PVPBtn,style=1|offset=-17#-139|text=进入竞技场,style=1|offset=0#-30|rotate=180|flip=0,0
2205,2206,2203,对话提示,0,200,0,2,dialog_id=5001103#5001203,0,0,0
2206,2207|2208,2203,点击挑战目标,1,200,ui_name=group(Clone)_20#players_rank#arena_chanllenge_btn,1,ui_name=group(Clone)_20#players_rank#arena_chanllenge_btn,style=1|offset=15#141|text=点击挑战目标,style=1|offset=0#10|rotate=0|flip=0,0
2207,2206,2203,安全保护，排名变化,1,200,ui_name=message_window_button,1,ui_name=message_window_button,style=1|offset=15#141|text=点击挑战目标,style=1|offset=0#10|rotate=0|flip=0,0
2208,2209|2211,2221,关闭挑战,1,200,ui_name=arena_result_close,1,ui_name=arena_result_close,style=1|offset=15#135|text=关闭战斗结果,style=1|offset=0#0|rotate=0|flip=0,0
2209,2210,2221,选择宝箱,1,200,ui_name=treasure_2,1,ui_name=treasure_2,style=1|offset=15#141|text=选择一个宝箱吧,style=1|offset=0#10|rotate=0|flip=0,0
2210,2211,2221,点击任意地方关闭,1,200,ui_name=treasure_mask,1,ui_name=treasure_mask,0,hide=1,0
2211,2212,2221,声望商店对话提示,0,200,0,2,dialog_id=5001107#5001207,0,0,0
2212,2213,2221,点击声望商铺,1,200,ui_name=arena_prestige_btn,1,ui_name=arena_prestige_btn,style=1|offset=-17#-139|text=进入声望商铺,style=1|offset=0#-30|rotate=180|flip=0,0
2213,2214,2221,点击奖励标签,1,200,ui_name=prestige_shop_tab_page|sort_type=1|sort_index=1,1,ui_name=prestige_shop_tab_page|sort_type=1|sort_index=1,style=1|offset=0#-88|text=查看奖励,style=1|offset=-115#-30|rotate=180|flip=0,0
2214,2215,2221,购买奖励道具,1,200,ui_name=prestige_goods_grid#group(Clone)_0#goods_icon_btn#prestige_buy_button,1,ui_name=prestige_goods_grid#group(Clone)_0#goods_icon_btn#prestige_buy_button,style=1|offset=-17#-139|text=购买奖励道具,style=1|offset=0#-30|rotate=180|flip=0,0
2215,2216,2221,确认购买,1,200,ui_name=mall_gift_preview_ok_btn,1,ui_name=mall_gift_preview_ok_btn,style=1|offset=-17#-139|text=点击确定购买,style=1|offset=0#-30|rotate=180|flip=0,0
2216,2217,2220,声望商店对话提示2,0,200,0,2,dialog_id=5001111#5001211,0,0,0
2217,2218,2220,返回,1,200,ui_name=prestige_close_button,1,ui_name=prestige_close_button,style=1|offset=152#-117|text=返回上一个界面,style=1|offset=15#-27|rotate=225|flip=0,0
2218,2219|2220,2220,返回,1,200,ui_name=arena_window_back_btn,1,ui_name=arena_window_back_btn,style=1|offset=152#-117|text=返回上一个界面,style=1|offset=15#-27|rotate=225|flip=0,0
2219,2220,2220,返回,1,200,ui_name=trial_window_back_btn,1,ui_name=trial_window_back_btn,style=1|offset=152#-117|text=返回上一个界面,style=1|offset=15#-27|rotate=225|flip=0,0
2220,0,2220,主界面点闯荡无后续,1,200,ui_name=PVEBtn,1,ui_name=PVEBtn,style=1|offset=-175#100|text=进入闯荡界面,style=1|offset=-30#20|rotate=315|flip=1,0
2221,2222,2221,掉线：主页点击历练,1,200,ui_name=lilian_btn,1,ui_name=lilian_btn,style=1|offset=-175#100|text=进入历练,style=1|offset=-30#20|rotate=315|flip=1,0
2222,2211,2221,点击竞技场，后续进入商店,1,200,ui_name=peak_pvp_enter_PVPBtn,1,ui_name=peak_pvp_enter_PVPBtn,style=1|offset=-17#-139|text=进入竞技场,style=1|offset=0#-30|rotate=180|flip=0,0
2401,2402,2407,14升级，弹出对话，提示点星,4,200,2401,2,dialog_id=5001119#5001219,0,0,0
2402,2403,2407,点击去看看,1,200,ui_name=func_open_item(Clone)_0#new_func_open_btn,1,ui_name=func_open_item(Clone)_0#new_func_open_btn,style=1|offset=15#135|text=我们去点星提升能力吧,style=1|offset=0#0|rotate=0|flip=0,0
2403,2404,2404,点亮一颗星,1,200,ui_name=lighten_Button,1,ui_name=lighten_Button,style=1|offset=15#135|text=让我们点亮一颗星相,style=1|offset=0#0|rotate=0|flip=0,0
2404,2405|2406,2406,点完后对话,0,200,0,2,dialog_id=5001122#5001222,0,0,0
2405,2406,2406,点返回,1,200,ui_name=astrology_back_btn,1,ui_name=astrology_back_btn,style=1|offset=152#-117|text=返回上一个界面,style=1|offset=15#-27|rotate=225|flip=0,0
2406,0,2406,主界面点闯荡无后续,1,200,ui_name=PVEBtn,1,ui_name=PVEBtn,style=1|offset=-175#100|text=进入闯荡界面,style=1|offset=-30#20|rotate=315|flip=1,0
2407,2403,2407,掉线：主界面点点星,1,200,ui_name=PointStarBtn,1,ui_name=PointStarBtn,style=1|offset=15#141|text=回到星相界面,style=1|offset=0#10|rotate=0|flip=0,0
2501,2502,2503,15升级，弹出对话，提示夺宝,4,200,level=15,2,dialog_id=5001112#5001212,0,0,0
2502,2505,2503,点击去看看,1,200,ui_name=func_open_item(Clone)_1#new_func_open_btn,1,ui_name=func_open_item(Clone)_1#new_func_open_btn,style=1|offset=15#135|text=现在可以去夺宝了,style=1|offset=0#0|rotate=0|flip=0,0
2503,2504,2503,主页点击历练,1,200,ui_name=lilian_btn,1,ui_name=lilian_btn,style=1|offset=-175#100|text=进入历练,style=1|offset=-30#20|rotate=315|flip=1,0
2504,2505,2503,点击夺宝,1,200,ui_name=grabtreasure_enter_PVPBtn,1,ui_name=grabtreasure_enter_PVPBtn,style=1|offset=-17#-139|text=进入夺宝,style=1|offset=0#-30|rotate=180|flip=0,0
2505,2506,2503,抢夺前对白,0,200,0,2,dialog_id=5001114#5001214,0,0,0
2506,2507,2503,抢夺第一个碎片,1,200,ui_name=piece_groups(Clone)_0#piece_info_group01#transform_tween_root#piece_info(Clone)_1#grab_window_piece_btn,1,ui_name=piece_groups(Clone)_0#piece_info_group01#transform_tween_root#piece_info(Clone)_1#grab_window_piece_btn,style=1|offset=15#141|text=开始抢夺碎片吧,style=1|offset=0#10|rotate=0|flip=0,0
2507,2508,2503,抢夺战斗开始,1,200,ui_name=grab_fight__grid#group(Clone)_2#grab_fight_one_button,1,ui_name=grab_fight__grid#group(Clone)_2#grab_fight_one_button,style=1|offset=15#135|text=就是他了！,style=1|offset=0#0|rotate=0|flip=0,0
2508,2509,2520,关闭战斗结果,1,200,ui_name=grab_result_close_button,1,ui_name=grab_result_close_button,style=1|offset=15#135|text=关闭战斗结果,style=1|offset=0#0|rotate=0|flip=0,0
2509,2510,2520,选择宝箱,1,200,ui_name=grab_treasure_diamond_btn,1,ui_name=grab_treasure_diamond_btn,style=1|offset=15#141|text=选择一个宝箱吧,style=1|offset=0#10|rotate=0|flip=0,0
2510,2511,2520,点击关闭,1,200,ui_name=grab_treasure_close_button,1,ui_name=grab_treasure_close_button,0,hide=1,0
2511,2512,2520,点击合成,1,200,ui_name=grab_window_compose_btn,1,ui_name=grab_window_compose_btn,style=1|offset=15#135|text=合成一个神器,style=1|offset=0#0|rotate=0|flip=0,0
2512,2513,2515,点击确定关闭,1,200,ui_name=grab_magic_equip_detail_close_button,1,ui_name=grab_magic_equip_detail_close_button,style=1|offset=-17#-139|text=关闭合成结果,style=1|offset=0#-30|rotate=180|flip=0,0
2513,2514,2515,抢夺后对白,0,200,0,2,dialog_id=5001115#5001215,0,0,0
2514,2515,2515,点击返回,1,200,ui_name=grab_window_back_btn,1,ui_name=grab_window_back_btn,style=1|offset=152#-117|text=返回上一个界面,style=1|offset=15#-27|rotate=225|flip=0,0
2515,2516,2515,点击队伍,1,200,ui_name=CharacterBtn,1,ui_name=CharacterBtn,style=1|offset=150#85|text=点击进入队伍,style=1|offset=10#-10|rotate=315|flip=0,0
2516,2517,2515,点神器栏空位,1,200,ui_name=team_info(Clone)_0#magic_info_grid#magic_info(Clone)_0#add_magic_btn,1,ui_name=team_info(Clone)_0#magic_info_grid#magic_info(Clone)_0#add_magic_btn,style=1|offset=180#-10|text=选择攻击神器的空位,style=1|offset=10#-15|rotate=270|flip=0,0
2517,2518,2515,选择神器,1,200,ui_name=use_group#ScrollView#grid#group(Clone)_0#bag_magic_single_btn,1,ui_name=use_group#ScrollView#grid#group(Clone)_0#bag_magic_single_btn,style=1|offset=180#-10|text=装备上刚抢夺来的流云飞扇,style=1|offset=10#-15|rotate=270|flip=0,0
2518,2519,2521,装备完神器后对话,0,200,0,2,dialog_id=5001117#5001217,0,0,0
2519,2521,2521,队伍返回主页,1,200,ui_name=team_window_back_btn,1,ui_name=team_window_back_btn,style=1|offset=152#-117|text=返回上一个界面,style=1|offset=15#-27|rotate=225|flip=0,0
2520,2511,2520,主页点击历练，掉线保险,1,200,ui_name=lilian_btn,1,ui_name=lilian_btn,style=1|offset=-175#100|text=进入历练,style=1|offset=-30#20|rotate=315|flip=1,0
2521,0,2521,主界面点闯荡无后续,1,200,ui_name=PVEBtn,1,ui_name=PVEBtn,style=1|offset=-175#100|text=进入闯荡界面,style=1|offset=-30#20|rotate=315|flip=1,0
2601,2602,2614,22升级，弹出对话，提示封灵塔,4,200,level=22,2,dialog_id=5001125#5001225,0,0,0
2602,2603,2614,点击去看看,1,200,ui_name=func_open_item(Clone)_1#new_func_open_btn,1,ui_name=func_open_item(Clone)_1#new_func_open_btn,style=1|offset=15#135|text=现在去看看封灵塔吧,style=1|offset=0#0|rotate=0|flip=0,0
2603,2604,2614,引导攻击对白,0,200,0,2,dialog_id=5001128#5001228,0,0,0
2604,2605,2614,选择一个进行挑战,1,200,ui_name=choice_boss(Clone)_0#rammbock_challenge_choice_bg,1,ui_name=choice_boss(Clone)_0#rammbock_challenge_choice_bg,style=1|offset=-17#-139|text=点击怪物可以打开挑战列表,style=1|offset=0#-30|rotate=180|flip=0,0
2605,2606,2614,开始战斗,1,200,ui_name=rammbock_difficulty_window#tween_root#placer#change_group#group(Clone)_2#challenge_button,1,ui_name=rammbock_difficulty_window#tween_root#placer#change_group#group(Clone)_2#challenge_button,style=1|offset=15#135|text=挑战三星难度吧,style=1|offset=0#0|rotate=0|flip=0,0
2606,2607,2616,战斗结束点关闭,1,200,ui_name=rammbock_battle_result_close,1,ui_name=rammbock_battle_result_close,style=1|offset=15#135|text=关闭战斗结果,style=1|offset=0#0|rotate=0|flip=0,0
2607,2608,2616,引导进入商店对白,0,200,0,2,dialog_id=5001129#5001229,0,0,0
2608,2609,2616,进入商店,1,200,ui_name=rammbock_renown_btn,1,ui_name=rammbock_renown_btn,style=1|offset=-17#-139|text=进入封灵符商店,style=1|offset=0#-30|rotate=180|flip=0,0
2609,2610,2616,商店介绍对白,0,200,0,2,dialog_id=5001130#5001230,0,0,0
2610,2611,2613,返回封灵塔,1,200,ui_name=backBtn,1,ui_name=backBtn,style=1|offset=152#-117|text=返回上一个界面,style=1|offset=15#-27|rotate=225|flip=0,0
2611,2612,2613,返回历练,1,200,ui_name=rammbock_window_back_btn,1,ui_name=rammbock_window_back_btn,style=1|offset=152#-117|text=返回上一个界面,style=1|offset=15#-27|rotate=225|flip=0,0
2612,2613,2613,返回主页,1,200,ui_name=trial_window_back_btn,1,ui_name=trial_window_back_btn,style=1|offset=152#-117|text=返回上一个界面,style=1|offset=15#-27|rotate=225|flip=0,0
2613,0,2613,回到闯荡,1,200,ui_name=PVEBtn,1,ui_name=PVEBtn,style=1|offset=-175#100|text=快回到闯荡去闯关吧,style=1|offset=-30#20|rotate=315|flip=1,0
2614,2615,2614,掉线：主页点击历练,1,200,ui_name=lilian_btn,1,ui_name=lilian_btn,style=1|offset=-175#100|text=重新回到历练,style=1|offset=-30#20|rotate=315|flip=1,0
2615,2603,2614,掉线：点击封灵塔，接挑战,1,200,ui_name=rammbock_enter_PVPBtn,1,ui_name=rammbock_enter_PVPBtn,style=1|offset=-17#-139|text=进入封灵塔,style=1|offset=0#-30|rotate=180|flip=0,0
2616,2617,2616,掉线：主页点击历练,1,200,ui_name=lilian_btn,1,ui_name=lilian_btn,style=1|offset=-175#100|text=重新回到历练,style=1|offset=-30#20|rotate=315|flip=1,0
2617,2607,2616,掉线：点击封灵塔，接商店,1,200,ui_name=rammbock_enter_PVPBtn,1,ui_name=rammbock_enter_PVPBtn,style=1|offset=-17#-139|text=进入封灵塔,style=1|offset=0#-30|rotate=180|flip=0,0
2701,2702,0,26升级，弹出对话，提示日常副本,4,200,level=26,2,dialog_id=5001133#5001233,0,0,0
2702,2703,0,点击去看看,1,200,ui_name=func_open_item(Clone)_0#new_func_open_btn,1,ui_name=func_open_item(Clone)_0#new_func_open_btn,style=1|offset=15#135|text=可以挑战日常副本了！,style=1|offset=0#0|rotate=0|flip=0,0
2703,0,0,日常副本界面对白,0,200,0,2,dialog_id=5001134#5001234,0,0,0
2801,2802,0,30升级，弹出对话，提示装备精炼对白,4,200,level=30,2,dialog_id=5001135#5001235,0,0,0
2802,2803|2805,0,点击去看看,1,200,ui_name=func_open_item(Clone)_1#new_func_open_btn,1,ui_name=func_open_item(Clone)_1#new_func_open_btn,style=1|offset=15#135|text=现在去看看封灵塔吧,style=1|offset=0#0|rotate=0|flip=0,0
2803,2804,0,选择第一个件装备,1,200,ui_name=equip_group#ScrollView#grid#group(Clone)_0#package_equip_item_btn,1,ui_name=equip_group#ScrollView#grid#group(Clone)_0#package_equip_item_btn,style=1|offset=180#-10|text=选择需要精炼的装备,style=1|offset=10#-15|rotate=270|flip=0,0
2804,2805,0,点击精炼按钮,1,200,ui_name=go_refine_equip_button,1,ui_name=go_refine_equip_button,style=1|offset=15#135|text=点击可以打开精炼界面,style=1|offset=0#0|rotate=0|flip=0,0
2805,2806,0,精炼介绍对白,0,200,0,2,dialog_id=5001137#5001237,0,0,0
2806,2807,0,从装备背包返回主页,1,200,ui_name=backBtn,1,ui_name=backBtn,style=1|offset=152#-117|text=让我们回到关卡界面吧,style=1|offset=15#-27|rotate=225|flip=0,0
2807,0,0,回到闯荡,1,200,ui_name=PVEBtn,1,ui_name=PVEBtn,style=1|offset=-175#100|text=快回到闯荡去领取奖励吧,style=1|offset=-30#20|rotate=315|flip=1,0
2901,2902,0,32升级，弹出对话，提示镇妖对白,4,200,level=31,2,dialog_id=5001139#5001239,0,0,0
2902,0,0,点击去看看,1,200,ui_name=func_open_item(Clone)_1#new_func_open_btn,1,ui_name=func_open_item(Clone)_1#new_func_open_btn,style=1|offset=15#135|text=我们去看看镇妖吧,style=1|offset=0#0|rotate=0|flip=0,0
3001,3002,0,38升级，弹出对话，提示宗门,4,200,level=37,2,dialog_id=5001140#5001240,0,0,0
3002,0,0,点击去看看,1,200,ui_name=func_open_item(Clone)_1#new_func_open_btn,1,ui_name=func_open_item(Clone)_1#new_func_open_btn,style=1|offset=15#135|text=我们去看看宗门吧,style=1|offset=0#0|rotate=0|flip=0,0
3101,0,0,40升级，弹出对话，提示神器精炼对白,4,200,level=40,2,dialog_id=5001141#5001241,0,0,0
3201,0,0,16升级，弹出对话，提示可以上阵第二个灵将了,4,200,level=16,2,dialog_id=5001145#5001245,0,0,0
1501,1502|1516,1504,领取关卡任务，拿到绿装，对白,11,200,task_id=1001,2,dialog_id=5001142#5001242,0,0,0
1502,1517,1504,关闭,1,800,ui_name=close,1,ui_name=close,style=1|offset=-17#-139|text=关闭任务窗口,style=1|offset=0#-30|rotate=180|flip=0,0
1503,1504,1504,返回,1,200,ui_name=world_map_back,1,ui_name=world_map_back,style=1|offset=152#-117|text=返回上一个界面,style=1|offset=15#-27|rotate=225|flip=0,0
1504,1505|1514,1504,点击队伍,1,200,ui_name=CharacterBtn,1,ui_name=CharacterBtn,style=1|offset=150#85|text=点击进入队伍,style=1|offset=10#-10|rotate=315|flip=0,0
1505,1506,1504,点装备栏空位,1,200,ui_name=team_info(Clone)_0#equip_info_grid#equip_info(Clone)_0#add_equip_btn,1,ui_name=team_info(Clone)_0#equip_info_grid#equip_info(Clone)_0#add_equip_btn,style=1|offset=180#-10|text=选择装备上的武器,style=1|offset=10#-15|rotate=270|flip=0,0
1506,1507,1504,选择装备,1,200,ui_name=bag_equip_window#group#use_group#ScrollView#grid#group(Clone)_0#bag_equip_single_btn,1,ui_name=bag_equip_window#group#use_group#ScrollView#grid#group(Clone)_0#bag_equip_single_btn,style=1|offset=180#-10|text=装备一把称手的兵器吧,style=1|offset=10#-15|rotate=270|flip=0,0
1507,1517,1504,装备强化,1,200,ui_name=go_equip_strengthen_button,1,ui_name=go_equip_strengthen_button,style=1|offset=15#135|text=让我们为装备强化吧,style=1|offset=0#0|rotate=0|flip=0,0
1508,1520,1504,点击强化1次,1,200,ui_name=equip_strengthen_ok_button,1,ui_name=equip_strengthen_ok_button,style=1|offset=15#135|text=点击即可进行强化,style=1|offset=0#0|rotate=0|flip=0,0
1509,1510,1504,点击强化1次,1,1500,ui_name=equip_strengthen_ok_button,1,ui_name=equip_strengthen_ok_button,style=1|offset=15#135|text=再强化一次,style=1|offset=0#0|rotate=0|flip=0,0
1510,1511,1504,点击强化1次,1,1500,ui_name=equip_strengthen_ok_button,1,ui_name=equip_strengthen_ok_button,style=1|offset=15#135|text=再强化一次,style=1|offset=0#0|rotate=0|flip=0,0
1511,1512|1033,1504,强化到最高对白,0,200,0,2,dialog_id=5001143#5001243,0,0,0
1512,1513,1513,点击返回,1,200,ui_name=team_window_back_btn,1,ui_name=team_window_back_btn,style=1|offset=152#-117|text=返回上一个界面,style=1|offset=15#-27|rotate=225|flip=0,0
1513,0,1513,主界面点闯荡无后续,1,200,ui_name=PVEBtn,1,ui_name=PVEBtn,style=1|offset=-175#100|text=让我们继续去闯荡吧,style=1|offset=-30#20|rotate=315|flip=1,0
1514,1507,1504,选中武器,1,200,ui_name=team_info(Clone)_0#equip_info_grid#equip_info(Clone)_0#equip_btn,1,ui_name=team_info(Clone)_0#equip_info_grid#equip_info(Clone)_0#equip_btn,style=1|offset=180#-10|text=选择装备上的武器,style=1|offset=10#-15|rotate=270|flip=0,0
1515,0,0,主界面点闯荡，后续领奖,1,200,ui_name=PVEBtn,1,ui_name=PVEBtn,style=1|offset=-175#100|text=快回到闯荡去领取奖励吧,style=1|offset=-30#20|rotate=315|flip=1,0
1516,1502,0,保险：确定没有可领奖任务,1,200,ui_name=normal#noEnd#forward,0,0,0,0,0
1517,1518|1519,0,保险：进入界面检测是否满级,0,0,0,0,0,0,0,0
1518,1511,0,保险：满级啦,12,10,team_pos=0|equip_pos=0|level_full=1,0,0,0,0,0
1519,1508|1503,0,保险：没有满级,12,10,team_pos=0|equip_pos=0|level_full=0,0,0,0,0,0
1520,1521|1522,0,保险：强化一次后检测是否满级,0,0,0,0,0,0,0,0
1521,1511,0,保险：满级啦,12,10,team_pos=0|equip_pos=0|level_full=1,0,0,0,0,0
1522,1509,0,保险：没有满级,12,10,team_pos=0|equip_pos=0|level_full=0,0,0,0,0,0
1523,1524|1525,0,保险：强化一次后检测是否满级,0,0,0,0,0,0,0,0
1524,1511,0,保险：满级啦,12,10,team_pos=0|equip_pos=0|level_full=1,0,0,0,0,0
1525,1510,0,保险：没有满级,12,10,team_pos=0|equip_pos=0|level_full=0,0,0,0,0,0
1601,1602|1617,1604,领奖：拿到没用的灵将，接回收,11,200,task_id=1004,2,dialog_id=5001147#5001247,0,0,0
1602,1603,1604,关闭,1,200,ui_name=close,1,ui_name=close,style=1|offset=-17#-139|text=点击关闭,style=1|offset=0#-30|rotate=180|flip=0,0
1603,1604,1604,返回,1,200,ui_name=world_map_back,1,ui_name=world_map_back,style=1|offset=152#-117|text=返回上一个界面,style=1|offset=15#-27|rotate=225|flip=0,0
1604,1605,1604,点击回收；掉线：主界面点回收，引导分解,1,200,ui_name=RecoverBtn,1,ui_name=RecoverBtn,style=1|offset=15#141|text=进入回收界面,style=1|offset=0#10|rotate=0|flip=0,0
1605,1606,1604,点击加号打开背包,1,200,ui_name=native_group#templet(Clone)_0#normal_add_btn_pet,1,ui_name=native_group#templet(Clone)_0#normal_add_btn_pet,style=1|offset=180#-10|text=点击空位打开灵将背包,style=1|offset=10#-15|rotate=270|flip=0,0
1606,1607,1604,点击选择需要分解的灵将,1,200,ui_name=up_group#ScrollView#grid#group(Clone)_0#bag_pet_multiple_icon_btn,1,ui_name=up_group#ScrollView#grid#group(Clone)_0#bag_pet_multiple_icon_btn,style=1|offset=165#152|text=选择需要分解的灵将,style=1|offset=180#-43|rotate=180|flip=0,0
1607,1608,1604,点击确认关闭界面,1,200,ui_name=pet_bag_ok_button,1,ui_name=pet_bag_ok_button,style=1|offset=15#135|text=关闭背包,style=1|offset=0#0|rotate=0|flip=0,0
1608,1609,1604,点击分解,1,200,ui_name=resolve_btn_pet,1,ui_name=resolve_btn_pet,style=1|offset=15#135|text=点击分解,style=1|offset=0#0|rotate=0|flip=0,0
1609,1610,1604,确认分解,1,200,ui_name=button_ok_message_window,1,ui_name=button_ok_message_window,style=1|offset=15#135|text=点击确认完成分解,style=1|offset=0#0|rotate=0|flip=0,0
1610,1611,1616,分解完成对白,0,200,0,2,dialog_id=5001148#5001248,0,0,0
1611,1612,1616,点击灵将商铺,1,200,ui_name=recover_resolve_btn_go_shop,1,ui_name=recover_resolve_btn_go_shop,style=1|offset=-17#-139|text=点击灵将商铺,style=1|offset=0#-30|rotate=180|flip=0,0
1612,1613,1615,灵将商铺介绍对白,0,200,0,2,dialog_id=5001149#5001249,0,0,0
1613,1614,1615,点击返回,1,200,ui_name=backBtn,1,ui_name=backBtn,style=1|offset=152#-117|text=点击返回回收界面,style=1|offset=15#-27|rotate=225|flip=0,0
1614,1615,1615,点击返回,1,200,ui_name=backBtn,1,ui_name=backBtn,style=1|offset=152#-117|text=点击返回主界面,style=1|offset=15#-27|rotate=225|flip=0,0
1615,0,1615,主界面点闯荡无后续,1,200,ui_name=PVEBtn,1,ui_name=PVEBtn,style=1|offset=-175#100|text=快回到闯荡去领取奖励吧,style=1|offset=-30#20|rotate=315|flip=1,0
1616,1610,1616,掉线：主界面点回收，继续引导对话-商店,1,200,ui_name=RecoverBtn,1,ui_name=RecoverBtn,style=1|offset=15#141|text=进入回收界面,style=1|offset=0#10|rotate=0|flip=0,0
1617,1602,1604,保险：确定没有可领奖任务,1,200,ui_name=normal#noEnd#forward,0,0,0,0,0
